monthID,dayID,yearID,brent_spot_usd_per_gal,product_name,price_usd_per_rin
1,4,2010,1.882142857,"Biodiesel RIN ",0.0002
1,5,2010,1.887380952,"Biodiesel RIN ",0.00017500000000000003
1,6,2010,1.908095238,"Biodiesel RIN ",0.00015
1,7,2010,1.918333333,"Biodiesel RIN ",0.0002
1,8,2010,1.906190476,"Biodiesel RIN ",0.00017500000000000003
1,11,2010,1.908095238,"Biodiesel RIN ",0.00017500000000000003
1,12,2010,1.89,"Biodiesel RIN ",0.00015
1,13,2010,1.846904762,"Biodiesel RIN ",0.00017500000000000003
1,14,2010,1.847857143,"Biodiesel RIN ",0.00015
1,15,2010,1.829761905,"Biodiesel RIN ",0.0001625
1,19,2010,1.79,"Biodiesel RIN ",0.00015
1,20,2010,1.787857143,"Biodiesel RIN ",0.00015
1,21,2010,1.765,"Biodiesel RIN ",0.00015
1,22,2010,1.731666667,"Biodiesel RIN ",0.00015
1,25,2010,1.718571429,"Biodiesel RIN ",0.00015
1,26,2010,1.729285714,"Biodiesel RIN ",0.00015
1,27,2010,1.732142857,"Biodiesel RIN ",0.00015
1,28,2010,1.682142857,"Biodiesel RIN ",0.00015
1,29,2010,1.695238095,"Biodiesel RIN ",0.00015
2,1,2010,1.704285714,"Biodiesel RIN ",0.00015
2,2,2010,1.76047619,"Biodiesel RIN ",0.00015
2,3,2010,1.804047619,"Biodiesel RIN ",0.00045
2,4,2010,1.697619048,"Biodiesel RIN ",0.000525
2,5,2010,1.669285714,"Biodiesel RIN ",0.000575
2,8,2010,1.657619048,"Biodiesel RIN ",0.000575
2,9,2010,1.676190476,"Biodiesel RIN ",0.000575
2,10,2010,1.676190476,"Biodiesel RIN ",0.0006
2,11,2010,1.722619048,"Biodiesel RIN ",0.00042500000000000003
2,12,2010,1.702142857,"Biodiesel RIN ",0.00042500000000000003
2,16,2010,1.781428571,"Biodiesel RIN ",0.00042500000000000003
2,17,2010,1.783095238,"Biodiesel RIN ",0.00042500000000000003
2,18,2010,1.824047619,"Biodiesel RIN ",0.00055
2,19,2010,1.83047619,"Biodiesel RIN ",0.0006325
2,22,2010,1.832142857,"Biodiesel RIN ",0.0006675
2,23,2010,1.82,"Biodiesel RIN ",0.0008749999999999999
2,24,2010,1.833333333,"Biodiesel RIN ",0.00075
2,25,2010,1.770952381,"Biodiesel RIN ",0.00075
2,26,2010,1.818095238,"Biodiesel RIN ",0.00075
3,1,2010,1.811190476,"Biodiesel RIN ",0.0008625
3,2,2010,1.845238095,"Biodiesel RIN ",0.0008625
3,3,2010,1.872857143,"Biodiesel RIN ",0.000675
3,4,2010,1.854285714,"Biodiesel RIN ",0.000675
3,5,2010,1.885714286,"Biodiesel RIN ",0.0006
3,8,2010,1.87952381,"Biodiesel RIN ",0.0006
3,9,2010,1.87547619,"Biodiesel RIN ",0.0006
3,10,2010,1.911666667,"Biodiesel RIN ",0.00064
3,11,2010,1.891428571,"Biodiesel RIN ",0.0005874999999999999
3,12,2010,1.89,"Biodiesel RIN ",0.00065
3,15,2010,1.835238095,"Biodiesel RIN ",0.0007000000000000001
3,16,2010,1.891666667,"Biodiesel RIN ",0.00065
3,17,2010,1.911428571,"Biodiesel RIN ",0.0007000000000000001
3,18,2010,1.906904762,"Biodiesel RIN ",0.00065
3,19,2010,1.865952381,"Biodiesel RIN ",0.00065
3,22,2010,1.859285714,"Biodiesel RIN ",0.00065
3,23,2010,1.885,"Biodiesel RIN ",0.000675
3,24,2010,1.857857143,"Biodiesel RIN ",0.0007000000000000001
3,25,2010,1.872380952,"Biodiesel RIN ",0.00065
3,26,2010,1.856666667,"Biodiesel RIN ",0.0006
3,29,2010,1.902142857,"Biodiesel RIN ",0.000625
3,30,2010,1.891904762,"Biodiesel RIN ",0.000625
3,31,2010,1.913571429,"Biodiesel RIN ",0.0006
4,1,2010,1.967380952,"Biodiesel RIN ",0.0006
4,5,2010,2.011428571,"Biodiesel RIN ",0.000625
4,6,2010,2.025,"Biodiesel RIN ",0.00055
4,7,2010,2.011666667,"Biodiesel RIN ",0.00043749999999999995
4,8,2010,1.967380952,"Biodiesel RIN ",0.00045
4,9,2010,1.970714286,"Biodiesel RIN ",0.00043749999999999995
4,12,2010,2.028809524,"Biodiesel RIN ",0.00043749999999999995
4,13,2010,1.986666667,"Biodiesel RIN ",0.000375
4,14,2010,2.043095238,"Biodiesel RIN ",0.0003625
4,15,2010,2.069047619,"Biodiesel RIN ",0.0003625
4,16,2010,2.019285714,"Biodiesel RIN ",0.00035000000000000005
4,19,2010,1.978333333,"Biodiesel RIN ",0.0003625
4,20,2010,2.017380952,"Biodiesel RIN ",0.00037
4,21,2010,2.013095238,"Biodiesel RIN ",0.00035000000000000005
4,22,2010,2.013809524,"Biodiesel RIN ",0.00035000000000000005
4,23,2010,2.049761905,"Biodiesel RIN ",0.00035000000000000005
4,26,2010,2.064761905,"Biodiesel RIN ",0.00035000000000000005
4,27,2010,2.037857143,"Biodiesel RIN ",0.00035000000000000005
4,28,2010,2.014047619,"Biodiesel RIN ",0.00035000000000000005
4,29,2010,2.067142857,"Biodiesel RIN ",0.000375
4,30,2010,2.052142857,"Biodiesel RIN ",0.000375
5,3,2010,2.097380952,"Biodiesel RIN ",0.000375
5,4,2010,2.033095238,"Biodiesel RIN ",0.0003875
5,5,2010,1.959761905,"Biodiesel RIN ",0.0004
5,6,2010,1.909761905,"Biodiesel RIN ",0.00040750000000000004
5,7,2010,1.820952381,"Biodiesel RIN ",0.0004
5,10,2010,1.859047619,"Biodiesel RIN ",0.0004125
5,11,2010,1.880952381,"Biodiesel RIN ",0.0004175
5,12,2010,1.873809524,"Biodiesel RIN ",0.000375
5,13,2010,1.890714286,"Biodiesel RIN ",0.000375
5,14,2010,1.819761905,"Biodiesel RIN ",0.000375
5,17,2010,1.758809524,"Biodiesel RIN ",0.0003625
5,18,2010,1.788571429,"Biodiesel RIN ",0.0003625
5,19,2010,1.710952381,"Biodiesel RIN ",0.0003625
5,20,2010,1.656190476,"Biodiesel RIN ",0.0003625
5,21,2010,1.677380952,"Biodiesel RIN ",0.00035000000000000005
5,24,2010,1.657619048,"Biodiesel RIN ",0.00035000000000000005
5,25,2010,1.59952381,"Biodiesel RIN ",0.000325
5,26,2010,1.680714286,"Biodiesel RIN ",0.00035000000000000005
5,27,2010,1.751428571,"Biodiesel RIN ",0.0003875
5,28,2010,1.738095238,"Biodiesel RIN ",0.0003875
6,1,2010,1.74,"Biodiesel RIN ",0.00035000000000000005
6,2,2010,1.732857143,"Biodiesel RIN ",0.00035000000000000005
6,3,2010,1.740952381,"Biodiesel RIN ",0.00035000000000000005
6,4,2010,1.71047619,"Biodiesel RIN ",0.000375
6,7,2010,1.692619048,"Biodiesel RIN ",0.0003625
6,8,2010,1.700714286,"Biodiesel RIN ",0.0003625
6,9,2010,1.754285714,"Biodiesel RIN ",0.000375
6,10,2010,1.769761905,"Biodiesel RIN ",0.000375
6,11,2010,1.744761905,"Biodiesel RIN ",0.00035000000000000005
6,14,2010,1.788333333,"Biodiesel RIN ",0.00035000000000000005
6,15,2010,1.792619048,"Biodiesel RIN ",0.00035000000000000005
6,16,2010,1.812380952,"Biodiesel RIN ",0.00040500000000000003
6,17,2010,1.845714286,"Biodiesel RIN ",0.00042500000000000003
6,18,2010,1.83452381,"Biodiesel RIN ",0.00042500000000000003
6,21,2010,1.869761905,"Biodiesel RIN ",0.00043749999999999995
6,22,2010,1.859047619,"Biodiesel RIN ",0.000455
6,23,2010,1.790952381,"Biodiesel RIN ",0.00042500000000000003
6,24,2010,1.789761905,"Biodiesel RIN ",0.0003875
6,25,2010,1.81452381,"Biodiesel RIN ",0.000575
6,28,2010,1.825238095,"Biodiesel RIN ",0.0005124999999999999
6,29,2010,1.766904762,"Biodiesel RIN ",0.0005124999999999999
6,30,2010,1.784285714,"Biodiesel RIN ",0.0005
7,1,2010,1.707857143,"Biodiesel RIN ",0.000475
7,2,2010,1.708333333,"Biodiesel RIN ",0.00045
7,6,2010,1.74,"Biodiesel RIN ",0.00045
7,7,2010,1.737380952,"Biodiesel RIN ",0.000455
7,8,2010,1.775238095,"Biodiesel RIN ",0.00045
7,9,2010,1.79047619,"Biodiesel RIN ",0.00042500000000000003
7,12,2010,1.770238095,"Biodiesel RIN ",0.00042500000000000003
7,13,2010,1.820238095,"Biodiesel RIN ",0.00045
7,14,2010,1.82452381,"Biodiesel RIN ",0.0004
7,15,2010,1.798095238,"Biodiesel RIN ",0.00025
7,16,2010,1.798809524,"Biodiesel RIN ",0.00025
7,19,2010,1.816428571,"Biodiesel RIN ",0.00025
7,20,2010,1.816904762,"Biodiesel RIN ",0.00017999999999999998
7,21,2010,1.803571429,"Biodiesel RIN ",0.0001875
7,22,2010,1.847380952,"Biodiesel RIN ",0.00017500000000000003
7,23,2010,1.839761905,"Biodiesel RIN ",0.00015
7,26,2010,1.854761905,"Biodiesel RIN ",0.00015
7,27,2010,1.798095238,"Biodiesel RIN ",0.00015
7,28,2010,1.825238095,"Biodiesel RIN ",0.00015
7,29,2010,1.871428571,"Biodiesel RIN ",0.0001375
7,30,2010,1.845238095,"Biodiesel RIN ",0.0001375
8,2,2010,1.950714286,"Biodiesel RIN ",0.0001375
8,3,2010,1.99047619,"Biodiesel RIN ",0.0001375
8,4,2010,1.994285714,"Biodiesel RIN ",0.000125
8,5,2010,1.973809524,"Biodiesel RIN ",0.000125
8,6,2010,1.935238095,"Biodiesel RIN ",0.000125
8,9,2010,1.941428571,"Biodiesel RIN ",0.0001125
8,10,2010,1.902142857,"Biodiesel RIN ",0.0001125
8,11,2010,1.853095238,"Biodiesel RIN ",0.0001125
8,12,2010,1.82452381,"Biodiesel RIN ",0.0001125
8,13,2010,1.789047619,"Biodiesel RIN ",0.0001125
8,16,2010,1.775238095,"Biodiesel RIN ",0.0001125
8,17,2010,1.827142857,"Biodiesel RIN ",0.0001125
8,18,2010,1.788095238,"Biodiesel RIN ",0.0001125
8,19,2010,1.781904762,"Biodiesel RIN ",0.0001125
8,20,2010,1.74952381,"Biodiesel RIN ",0.0001125
8,23,2010,1.74,"Biodiesel RIN ",0.0001125
8,24,2010,1.681190476,"Biodiesel RIN ",0.0001125
8,25,2010,1.684285714,"Biodiesel RIN ",0.00008750000000000001
8,26,2010,1.773809524,"Biodiesel RIN ",0.00008750000000000001
8,27,2010,1.78952381,"Biodiesel RIN ",0.0001
8,30,2010,1.810714286,"Biodiesel RIN ",0.0001
8,31,2010,1.797857143,"Biodiesel RIN ",0.000085
9,1,2010,1.798333333,"Biodiesel RIN ",0.0000925
9,2,2010,1.784047619,"Biodiesel RIN ",0.00008999999999999999
9,3,2010,1.786428571,"Biodiesel RIN ",0.00008999999999999999
9,7,2010,1.804285714,"Biodiesel RIN ",0.0001
9,8,2010,1.844761905,"Biodiesel RIN ",0.0001575
9,9,2010,1.854047619,"Biodiesel RIN ",0.0001575
9,10,2010,1.846190476,"Biodiesel RIN ",0.0001575
9,13,2010,1.86952381,"Biodiesel RIN ",0.0001575
9,14,2010,1.878333333,"Biodiesel RIN ",0.0001575
9,15,2010,1.868095238,"Biodiesel RIN ",0.000185
9,16,2010,1.878333333,"Biodiesel RIN ",0.0001875
9,17,2010,1.843571429,"Biodiesel RIN ",0.000225
9,20,2010,1.890952381,"Biodiesel RIN ",0.00035000000000000005
9,21,2010,1.875238095,"Biodiesel RIN ",0.000325
9,22,2010,1.840238095,"Biodiesel RIN ",0.0003
9,23,2010,1.849761905,"Biodiesel RIN ",0.0003
9,24,2010,1.87452381,"Biodiesel RIN ",0.000225
9,27,2010,1.850238095,"Biodiesel RIN ",0.00021250000000000002
9,28,2010,1.884285714,"Biodiesel RIN ",0.00025
9,29,2010,1.875952381,"Biodiesel RIN ",0.0002
9,30,2010,1.923095238,"Biodiesel RIN ",0.0001875
10,1,2010,1.968809524,"Biodiesel RIN ",0.00017
10,4,2010,1.986190476,"Biodiesel RIN ",0.0001375
10,5,2010,1.98452381,"Biodiesel RIN ",0.000125
10,6,2010,2.024047619,"Biodiesel RIN ",0.0001375
10,7,2010,1.992142857,"Biodiesel RIN ",0.00015
10,8,2010,1.997142857,"Biodiesel RIN ",0.00021250000000000002
10,11,2010,1.978095238,"Biodiesel RIN ",0.000185
10,12,2010,1.975952381,"Biodiesel RIN ",0.000185
10,13,2010,2.000238095,"Biodiesel RIN ",0.000185
10,14,2010,1.989285714,"Biodiesel RIN ",0.000185
10,15,2010,1.950952381,"Biodiesel RIN ",0.000185
10,18,2010,1.95952381,"Biodiesel RIN ",0.000185
10,19,2010,1.931428571,"Biodiesel RIN ",0.000165
10,20,2010,1.944761905,"Biodiesel RIN ",0.00015
10,21,2010,1.935238095,"Biodiesel RIN ",0.00017500000000000003
10,22,2010,1.922619048,"Biodiesel RIN ",0.0001875
10,25,2010,1.950238095,"Biodiesel RIN ",0.0002
10,26,2010,1.967142857,"Biodiesel RIN ",0.0001875
10,27,2010,1.935,"Biodiesel RIN ",0.0001875
10,28,2010,1.97547619,"Biodiesel RIN ",0.0001875
10,29,2010,1.963571429,"Biodiesel RIN ",0.0001875
11,1,2010,2.001428571,"Biodiesel RIN ",0.0001875
11,2,2010,2.016904762,"Biodiesel RIN ",0.0002
11,3,2010,2.031666667,"Biodiesel RIN ",0.00012
11,4,2010,2.067380952,"Biodiesel RIN ",0.0001925
11,5,2010,2.072619048,"Biodiesel RIN ",0.00018999999999999998
11,8,2010,2.075,"Biodiesel RIN ",0.0001925
11,9,2010,2.093571429,"Biodiesel RIN ",0.00017500000000000003
11,10,2010,2.093333333,"Biodiesel RIN ",0.0001875
11,11,2010,2.097142857,"Biodiesel RIN ",0.0001875
11,12,2010,2.049285714,"Biodiesel RIN ",0.0001875
11,15,2010,2.03547619,"Biodiesel RIN ",0.00017500000000000003
11,16,2010,1.99952381,"Biodiesel RIN ",0.00017999999999999998
11,17,2010,1.984761905,"Biodiesel RIN ",0.0001625
11,18,2010,1.992857143,"Biodiesel RIN ",0.00015
11,19,2010,1.980238095,"Biodiesel RIN ",0.0001625
11,22,2010,1.96047619,"Biodiesel RIN ",0.00015
11,23,2010,1.961190476,"Biodiesel RIN ",0.00015
11,24,2010,2.012619048,"Biodiesel RIN ",0.00015
11,29,2010,2.045238095,"Biodiesel RIN ",0.00017
11,30,2010,2.048095238,"Biodiesel RIN ",0.000125
12,1,2010,2.108571429,"Biodiesel RIN ",0.00016
12,2,2010,2.127857143,"Biodiesel RIN ",0.0001625
12,3,2010,2.158333333,"Biodiesel RIN ",0.00017500000000000003
12,6,2010,2.172619048,"Biodiesel RIN ",0.00015
12,7,2010,2.161428571,"Biodiesel RIN ",0.0001425
12,8,2010,2.136666667,"Biodiesel RIN ",0.0001375
12,9,2010,2.141190476,"Biodiesel RIN ",0.000125
12,10,2010,2.131904762,"Biodiesel RIN ",0.0001125
12,13,2010,2.152380952,"Biodiesel RIN ",0.0001125
12,14,2010,2.157857143,"Biodiesel RIN ",0.00008750000000000001
12,15,2010,2.17452381,"Biodiesel RIN ",0.00013
12,16,2010,2.168809524,"Biodiesel RIN ",0.0001
12,17,2010,2.169285714,"Biodiesel RIN ",0.0001025
12,20,2010,2.174047619,"Biodiesel RIN ",0.000054999999999999995
12,21,2010,2.216904762,"Biodiesel RIN ",0.000075
12,22,2010,2.227380952,"Biodiesel RIN ",0.000075
12,23,2010,2.229285714,"Biodiesel RIN ",0.000075
12,27,2010,2.216190476,"Biodiesel RIN ",0.000075
12,28,2010,2.226666667,"Biodiesel RIN ",0.000075
12,29,2010,2.226666667,"Biodiesel RIN ",0.000075
12,30,2010,2.202380952,"Biodiesel RIN ",0.000075
12,31,2010,2.219761905,"Biodiesel RIN ",0.000075
1,3,2011,2.281428571,"Biodiesel RIN ",0.000075
1,4,2011,2.226666667,"Biodiesel RIN ",0.000075
1,5,2011,2.263571429,"Biodiesel RIN ",0.0000625
1,6,2011,2.260714286,"Biodiesel RIN ",0.000075
1,7,2011,2.244047619,"Biodiesel RIN ",0.000075
1,10,2011,2.263095238,"Biodiesel RIN ",0.000075
1,11,2011,2.304761905,"Biodiesel RIN ",0.00006
1,12,2011,2.33,"Biodiesel RIN ",0.00008
1,13,2011,2.33,"Biodiesel RIN ",0.00006
1,14,2011,2.33,"Biodiesel RIN ",0.00006
1,18,2011,2.329285714,"Biodiesel RIN ",0.00008999999999999999
1,19,2011,2.343333333,"Biodiesel RIN ",0.000125
1,20,2011,2.292142857,"Biodiesel RIN ",0.0001375
1,21,2011,2.305714286,"Biodiesel RIN ",0.00014000000000000001
1,24,2011,2.303809524,"Biodiesel RIN ",0.0001575
1,25,2011,2.303809524,"Biodiesel RIN ",0.00012
1,26,2011,2.286666667,"Biodiesel RIN ",0.00012
1,27,2011,2.297142857,"Biodiesel RIN ",0.0001
1,28,2011,2.310952381,"Biodiesel RIN ",0.0001125
1,31,2011,2.356428571,"Biodiesel RIN ",0.000125
2,1,2011,2.39047619,"Biodiesel RIN ",0.0001
2,2,2011,2.411904762,"Biodiesel RIN ",0.00007000000000000001
2,3,2011,2.421190476,"Biodiesel RIN ",0.00008999999999999999
2,4,2011,2.367380952,"Biodiesel RIN ",0.0000825
2,7,2011,2.367619048,"Biodiesel RIN ",0.00008750000000000001
2,8,2011,2.363095238,"Biodiesel RIN ",0.00008750000000000001
2,9,2011,2.384761905,"Biodiesel RIN ",0.0000825
2,10,2011,2.398571429,"Biodiesel RIN ",0.00006
2,11,2011,2.379285714,"Biodiesel RIN ",0.00006
2,14,2011,2.455238095,"Biodiesel RIN ",0.00006
2,15,2011,2.44,"Biodiesel RIN ",0.00006
2,16,2011,2.447142857,"Biodiesel RIN ",0.000035000000000000004
2,17,2011,2.463095238,"Biodiesel RIN ",0.0000375
2,18,2011,2.433333333,"Biodiesel RIN ",0.0000425
2,22,2011,2.543333333,"Biodiesel RIN ",0.0000425
2,23,2011,2.613571429,"Biodiesel RIN ",0.0000425
2,24,2011,2.712142857,"Biodiesel RIN ",0.0000425
2,25,2011,2.654047619,"Biodiesel RIN ",0.0000375
2,28,2011,2.673095238,"Biodiesel RIN ",0.000022499999999999998
3,1,2011,2.698571429,"Biodiesel RIN ",0.0105
3,2,2011,2.783095238,"Biodiesel RIN ",0.0105
3,3,2011,2.724285714,"Biodiesel RIN ",0.010549999999999999
3,4,2011,2.755,"Biodiesel RIN ",0.0105
3,7,2011,2.775714286,"Biodiesel RIN ",0.011000000000000001
3,8,2011,2.674285714,"Biodiesel RIN ",0.011025
3,9,2011,2.742619048,"Biodiesel RIN ",0.011200000000000002
3,10,2011,2.715952381,"Biodiesel RIN ",0.01125
3,11,2011,2.715952381,"Biodiesel RIN ",0.011000000000000001
3,14,2011,2.689285714,"Biodiesel RIN ",0.011049999999999999
3,15,2011,2.64547619,"Biodiesel RIN ",0.011399999999999999
3,16,2011,2.641904762,"Biodiesel RIN ",0.0106
3,17,2011,2.718571429,"Biodiesel RIN ",0.01085
3,18,2011,2.717380952,"Biodiesel RIN ",0.01095
3,21,2011,2.736190476,"Biodiesel RIN ",0.01095
3,22,2011,2.753095238,"Biodiesel RIN ",0.01075
3,23,2011,2.753571429,"Biodiesel RIN ",0.01075
3,24,2011,2.747857143,"Biodiesel RIN ",0.01085
3,25,2011,2.748809524,"Biodiesel RIN ",0.01065
3,28,2011,2.760714286,"Biodiesel RIN ",0.0106
3,29,2011,2.751904762,"Biodiesel RIN ",0.01085
3,30,2011,2.746428571,"Biodiesel RIN ",0.01125
3,31,2011,2.784285714,"Biodiesel RIN ",0.01195
4,1,2011,2.82452381,"Biodiesel RIN ",0.011899999999999999
4,4,2011,2.858809524,"Biodiesel RIN ",0.0124
4,5,2011,2.92547619,"Biodiesel RIN ",0.012350000000000002
4,6,2011,2.928809524,"Biodiesel RIN ",0.012350000000000002
4,7,2011,2.926190476,"Biodiesel RIN ",0.012450000000000001
4,8,2011,3.007142857,"Biodiesel RIN ",0.0126
4,11,2011,3.010952381,"Biodiesel RIN ",0.0127
4,12,2011,2.888809524,"Biodiesel RIN ",0.012849999999999999
4,13,2011,2.921428571,"Biodiesel RIN ",0.0132
4,14,2011,2.922380952,"Biodiesel RIN ",0.013600000000000001
4,15,2011,2.967380952,"Biodiesel RIN ",0.013600000000000001
4,18,2011,2.897380952,"Biodiesel RIN ",0.0129
4,19,2011,2.889285714,"Biodiesel RIN ",0.0129
4,20,2011,2.958571429,"Biodiesel RIN ",0.0128
4,21,2011,2.943809524,"Biodiesel RIN ",0.012450000000000001
4,26,2011,2.96547619,"Biodiesel RIN ",0.0125
4,27,2011,2.974761905,"Biodiesel RIN ",0.0118
4,28,2011,3.014047619,"Biodiesel RIN ",0.01155
5,2,2011,3.015238095,"Biodiesel RIN ",0.011699999999999999
5,3,2011,2.952619048,"Biodiesel RIN ",0.012150000000000001
5,4,2011,2.894047619,"Biodiesel RIN ",0.01205
5,5,2011,2.665,"Biodiesel RIN ",0.01205
5,6,2011,2.706904762,"Biodiesel RIN ",0.012150000000000001
5,9,2011,2.69547619,"Biodiesel RIN ",0.012199999999999999
5,10,2011,2.805238095,"Biodiesel RIN ",0.01265
5,11,2011,2.753809524,"Biodiesel RIN ",0.01265
5,12,2011,2.687380952,"Biodiesel RIN ",0.01265
5,13,2011,2.692380952,"Biodiesel RIN ",0.012450000000000001
5,16,2011,2.707619048,"Biodiesel RIN ",0.012549999999999999
5,17,2011,2.60452381,"Biodiesel RIN ",0.01265
5,18,2011,2.67952381,"Biodiesel RIN ",0.0125
5,19,2011,2.695238095,"Biodiesel RIN ",0.0127
5,20,2011,2.648809524,"Biodiesel RIN ",0.01315
5,23,2011,2.622142857,"Biodiesel RIN ",0.01315
5,24,2011,2.679047619,"Biodiesel RIN ",0.013000000000000001
5,25,2011,2.72547619,"Biodiesel RIN ",0.0128
5,26,2011,2.73952381,"Biodiesel RIN ",0.01275
5,27,2011,2.73452381,"Biodiesel RIN ",0.01275
5,31,2011,2.79,"Biodiesel RIN ",0.0129
6,1,2011,2.76547619,"Biodiesel RIN ",0.013000000000000001
6,2,2011,2.721428571,"Biodiesel RIN ",0.01315
6,3,2011,2.740238095,"Biodiesel RIN ",0.01315
6,6,2011,2.747619048,"Biodiesel RIN ",0.0131
6,7,2011,2.765238095,"Biodiesel RIN ",0.013300000000000001
6,8,2011,2.819761905,"Biodiesel RIN ",0.013500000000000002
6,9,2011,2.855952381,"Biodiesel RIN ",0.013500000000000002
6,10,2011,2.826428571,"Biodiesel RIN ",0.013600000000000001
6,13,2011,2.868809524,"Biodiesel RIN ",0.0137
6,14,2011,2.86547619,"Biodiesel RIN ",0.01345
6,15,2011,2.730238095,"Biodiesel RIN ",0.01345
6,16,2011,2.730714286,"Biodiesel RIN ",0.01355
6,17,2011,2.708095238,"Biodiesel RIN ",0.013500000000000002
6,20,2011,2.671666667,"Biodiesel RIN ",0.013500000000000002
6,21,2011,2.667142857,"Biodiesel RIN ",0.01345
6,22,2011,2.70452381,"Biodiesel RIN ",0.01345
6,23,2011,2.577857143,"Biodiesel RIN ",0.013500000000000002
6,24,2011,2.495,"Biodiesel RIN ",0.013500000000000002
6,27,2011,2.489761905,"Biodiesel RIN ",0.013300000000000001
6,28,2011,2.561190476,"Biodiesel RIN ",0.0132
6,29,2011,2.65452381,"Biodiesel RIN ",0.0131
6,30,2011,2.659761905,"Biodiesel RIN ",0.0131
7,1,2011,2.614761905,"Biodiesel RIN ",0.0131
7,5,2011,2.69547619,"Biodiesel RIN ",0.01315
7,6,2011,2.703571429,"Biodiesel RIN ",0.0132
7,7,2011,2.795238095,"Biodiesel RIN ",0.0132
7,8,2011,2.795238095,"Biodiesel RIN ",0.0132
7,11,2011,2.794047619,"Biodiesel RIN ",0.0132
7,12,2011,2.794285714,"Biodiesel RIN ",0.0132
7,13,2011,2.82047619,"Biodiesel RIN ",0.0132
7,14,2011,2.794761905,"Biodiesel RIN ",0.0132
7,15,2011,2.810952381,"Biodiesel RIN ",0.0132
7,18,2011,2.786904762,"Biodiesel RIN ",0.0132
7,19,2011,2.813809524,"Biodiesel RIN ",0.0132
7,20,2011,2.821904762,"Biodiesel RIN ",0.0132
7,21,2011,2.81547619,"Biodiesel RIN ",0.0132
7,22,2011,2.833095238,"Biodiesel RIN ",0.0132
7,25,2011,2.815952381,"Biodiesel RIN ",0.0132
7,26,2011,2.812857143,"Biodiesel RIN ",0.0132
7,27,2011,2.809285714,"Biodiesel RIN ",0.01315
7,28,2011,2.813333333,"Biodiesel RIN ",0.01315
7,29,2011,2.760238095,"Biodiesel RIN ",0.01315
8,1,2011,2.770714286,"Biodiesel RIN ",0.0134
8,2,2011,2.762380952,"Biodiesel RIN ",0.0134
8,3,2011,2.708095238,"Biodiesel RIN ",0.0134
8,4,2011,2.624285714,"Biodiesel RIN ",0.0134
8,5,2011,2.545714286,"Biodiesel RIN ",0.0134
8,8,2011,2.453809524,"Biodiesel RIN ",0.0138
8,9,2011,2.467380952,"Biodiesel RIN ",0.0138
8,10,2011,2.472380952,"Biodiesel RIN ",0.0138
8,11,2011,2.567142857,"Biodiesel RIN ",0.014750000000000001
8,12,2011,2.57547619,"Biodiesel RIN ",0.014750000000000001
8,15,2011,2.592619048,"Biodiesel RIN ",0.015149999999999999
8,16,2011,2.611666667,"Biodiesel RIN ",0.01525
8,17,2011,2.651666667,"Biodiesel RIN ",0.01595
8,18,2011,2.58,"Biodiesel RIN ",0.0167
8,19,2011,2.604047619,"Biodiesel RIN ",0.01665
8,22,2011,2.591190476,"Biodiesel RIN ",0.0163
8,23,2011,2.627380952,"Biodiesel RIN ",0.0163
8,24,2011,2.66452381,"Biodiesel RIN ",0.01625
8,25,2011,2.66452381,"Biodiesel RIN ",0.016
8,26,2011,2.673571429,"Biodiesel RIN ",0.01625
8,30,2011,2.752142857,"Biodiesel RIN ",0.01625
8,31,2011,2.773333333,"Biodiesel RIN ",0.01625
9,1,2011,2.772142857,"Biodiesel RIN ",0.01645
9,2,2011,2.76,"Biodiesel RIN ",0.0174
9,6,2011,2.697380952,"Biodiesel RIN ",0.0177
9,7,2011,2.797619048,"Biodiesel RIN ",0.0183
9,8,2011,2.809285714,"Biodiesel RIN ",0.0182
9,9,2011,2.74047619,"Biodiesel RIN ",0.0184
9,12,2011,2.732142857,"Biodiesel RIN ",0.01885
9,13,2011,2.716190476,"Biodiesel RIN ",0.01925
9,14,2011,2.692857143,"Biodiesel RIN ",0.01925
9,15,2011,2.778809524,"Biodiesel RIN ",0.0194
9,16,2011,2.768095238,"Biodiesel RIN ",0.01825
9,19,2011,2.687857143,"Biodiesel RIN ",0.01825
9,20,2011,2.723571429,"Biodiesel RIN ",0.01775
9,21,2011,2.72047619,"Biodiesel RIN ",0.01675
9,22,2011,2.600238095,"Biodiesel RIN ",0.0165
9,23,2011,2.599285714,"Biodiesel RIN ",0.0166
9,26,2011,2.569047619,"Biodiesel RIN ",0.01675
9,27,2011,2.608095238,"Biodiesel RIN ",0.016399999999999998
9,28,2011,2.583809524,"Biodiesel RIN ",0.015449999999999998
9,29,2011,2.54952381,"Biodiesel RIN ",0.0159
9,30,2011,2.51,"Biodiesel RIN ",0.0155
10,3,2011,2.466904762,"Biodiesel RIN ",0.01425
10,4,2011,2.424761905,"Biodiesel RIN ",0.01325
10,5,2011,2.470714286,"Biodiesel RIN ",0.01425
10,6,2011,2.485238095,"Biodiesel RIN ",0.01425
10,7,2011,2.537142857,"Biodiesel RIN ",0.01375
10,10,2011,2.606904762,"Biodiesel RIN ",0.01375
10,11,2011,2.60047619,"Biodiesel RIN ",0.0138
10,12,2011,2.677142857,"Biodiesel RIN ",0.01375
10,13,2011,2.677380952,"Biodiesel RIN ",0.01375
10,14,2011,2.722142857,"Biodiesel RIN ",0.01375
10,17,2011,2.688571429,"Biodiesel RIN ",0.01325
10,18,2011,2.668571429,"Biodiesel RIN ",0.01275
10,19,2011,2.660952381,"Biodiesel RIN ",0.012549999999999999
10,20,2011,2.595238095,"Biodiesel RIN ",0.01165
10,21,2011,2.657142857,"Biodiesel RIN ",0.011399999999999999
10,24,2011,2.658809524,"Biodiesel RIN ",0.011399999999999999
10,25,2011,2.669285714,"Biodiesel RIN ",0.009000000000000001
10,26,2011,2.629285714,"Biodiesel RIN ",0.0095
10,27,2011,2.677380952,"Biodiesel RIN ",0.01
10,28,2011,2.619285714,"Biodiesel RIN ",0.01
10,31,2011,2.581666667,"Biodiesel RIN ",0.01
11,1,2011,2.546904762,"Biodiesel RIN ",0.010249999999999999
11,2,2011,2.638571429,"Biodiesel RIN ",0.010249999999999999
11,3,2011,2.637142857,"Biodiesel RIN ",0.010249999999999999
11,4,2011,2.671904762,"Biodiesel RIN ",0.010249999999999999
11,7,2011,2.732142857,"Biodiesel RIN ",0.010249999999999999
11,8,2011,2.752619048,"Biodiesel RIN ",0.0125
11,9,2011,2.745,"Biodiesel RIN ",0.013500000000000002
11,10,2011,2.698095238,"Biodiesel RIN ",0.01375
11,11,2011,2.72452381,"Biodiesel RIN ",0.013500000000000002
11,14,2011,2.680238095,"Biodiesel RIN ",0.013500000000000002
11,15,2011,2.664285714,"Biodiesel RIN ",0.01425
11,16,2011,2.66452381,"Biodiesel RIN ",0.01425
11,17,2011,2.601190476,"Biodiesel RIN ",0.01425
11,18,2011,2.567142857,"Biodiesel RIN ",0.01435
11,21,2011,2.523333333,"Biodiesel RIN ",0.014650000000000002
11,22,2011,2.565952381,"Biodiesel RIN ",0.014650000000000002
11,23,2011,2.543571429,"Biodiesel RIN ",0.0148
11,28,2011,2.604285714,"Biodiesel RIN ",0.01435
11,29,2011,2.648809524,"Biodiesel RIN ",0.014450000000000001
11,30,2011,2.648095238,"Biodiesel RIN ",0.014450000000000001
12,1,2011,2.591190476,"Biodiesel RIN ",0.014450000000000001
12,2,2011,2.609285714,"Biodiesel RIN ",0.0144
12,5,2011,2.623333333,"Biodiesel RIN ",0.0144
12,6,2011,2.622857143,"Biodiesel RIN ",0.01395
12,7,2011,2.620714286,"Biodiesel RIN ",0.013500000000000002
12,8,2011,2.576904762,"Biodiesel RIN ",0.013500000000000002
12,9,2011,2.569285714,"Biodiesel RIN ",0.013500000000000002
12,12,2011,2.567142857,"Biodiesel RIN ",0.013500000000000002
12,13,2011,2.601190476,"Biodiesel RIN ",0.01325
12,14,2011,2.517142857,"Biodiesel RIN ",0.01325
12,15,2011,2.488571429,"Biodiesel RIN ",0.01275
12,16,2011,2.476190476,"Biodiesel RIN ",0.0126
12,19,2011,2.489285714,"Biodiesel RIN ",0.01275
12,20,2011,2.566666667,"Biodiesel RIN ",0.01295
12,21,2011,2.571428571,"Biodiesel RIN ",0.013049999999999999
12,22,2011,2.594761905,"Biodiesel RIN ",0.01325
12,23,2011,2.601904762,"Biodiesel RIN ",0.01325
12,28,2011,2.56047619,"Biodiesel RIN ",0.0131
12,29,2011,2.545,"Biodiesel RIN ",0.01325
12,30,2011,2.573571429,"Biodiesel RIN ",0.01325
1,3,2012,2.645714286,"Biodiesel RIN ",0.015449999999999998
1,4,2012,2.699285714,"Biodiesel RIN ",0.015600000000000001
1,5,2012,2.70452381,"Biodiesel RIN ",0.0158
1,6,2012,2.665714286,"Biodiesel RIN ",0.015700000000000002
1,9,2012,2.64452381,"Biodiesel RIN ",0.01595
1,10,2012,2.697619048,"Biodiesel RIN ",0.015825
1,11,2012,2.658571429,"Biodiesel RIN ",0.015674999999999998
1,12,2012,2.689761905,"Biodiesel RIN ",0.0152
1,13,2012,2.616190476,"Biodiesel RIN ",0.0151
1,17,2012,2.632142857,"Biodiesel RIN ",0.015
1,18,2012,2.61452381,"Biodiesel RIN ",0.0147
1,19,2012,2.608095238,"Biodiesel RIN ",0.01485
1,20,2012,2.583333333,"Biodiesel RIN ",0.014750000000000001
1,23,2012,2.606190476,"Biodiesel RIN ",0.014750000000000001
1,24,2012,2.58047619,"Biodiesel RIN ",0.0146
1,25,2012,2.582857143,"Biodiesel RIN ",0.014499999999999999
1,26,2012,2.597142857,"Biodiesel RIN ",0.014499999999999999
1,27,2012,2.630952381,"Biodiesel RIN ",0.014499999999999999
1,30,2012,2.624761905,"Biodiesel RIN ",0.01435
1,31,2012,2.625238095,"Biodiesel RIN ",0.014199999999999999
2,1,2012,2.665714286,"Biodiesel RIN ",0.014199999999999999
2,2,2012,2.641904762,"Biodiesel RIN ",0.0143
2,3,2012,2.68,"Biodiesel RIN ",0.0146
2,6,2012,2.749285714,"Biodiesel RIN ",0.0141
2,7,2012,2.782380952,"Biodiesel RIN ",0.013999999999999999
2,8,2012,2.79,"Biodiesel RIN ",0.013999999999999999
2,9,2012,2.819047619,"Biodiesel RIN ",0.014150000000000001
2,10,2012,2.812619048,"Biodiesel RIN ",0.0138
2,13,2012,2.826904762,"Biodiesel RIN ",0.013999999999999999
2,14,2012,2.816666667,"Biodiesel RIN ",0.014499999999999999
2,15,2012,2.863095238,"Biodiesel RIN ",0.014499999999999999
2,16,2012,2.880952381,"Biodiesel RIN ",0.0143
2,17,2012,2.873571429,"Biodiesel RIN ",0.01425
2,21,2012,2.877380952,"Biodiesel RIN ",0.014499999999999999
2,22,2012,2.930238095,"Biodiesel RIN ",0.0144
2,23,2012,2.965,"Biodiesel RIN ",0.0144
2,24,2012,2.973571429,"Biodiesel RIN ",0.014499999999999999
2,27,2012,3.010952381,"Biodiesel RIN ",0.014499999999999999
2,28,2012,2.952857143,"Biodiesel RIN ",0.0144
2,29,2012,2.910238095,"Biodiesel RIN ",0.01435
3,1,2012,2.994285714,"Biodiesel RIN ",0.014450000000000001
3,2,2012,2.998333333,"Biodiesel RIN ",0.0144
3,5,2012,3.016190476,"Biodiesel RIN ",0.0143
3,6,2012,2.976904762,"Biodiesel RIN ",0.014175
3,7,2012,2.985,"Biodiesel RIN ",0.0139
3,8,2012,3.046666667,"Biodiesel RIN ",0.013825
3,9,2012,3.04952381,"Biodiesel RIN ",0.013999999999999999
3,12,2012,3.030238095,"Biodiesel RIN ",0.0139
3,13,2012,3.050952381,"Biodiesel RIN ",0.013999999999999999
3,14,2012,3.023333333,"Biodiesel RIN ",0.0143
3,15,2012,2.943571429,"Biodiesel RIN ",0.014424999999999999
3,16,2012,2.978333333,"Biodiesel RIN ",0.014450000000000001
3,19,2012,2.994285714,"Biodiesel RIN ",0.014450000000000001
3,20,2012,2.961428571,"Biodiesel RIN ",0.0143875
3,21,2012,2.949761905,"Biodiesel RIN ",0.0146
3,22,2012,2.916428571,"Biodiesel RIN ",0.0146
3,23,2012,2.981190476,"Biodiesel RIN ",0.0146
3,26,2012,2.996428571,"Biodiesel RIN ",0.014499999999999999
3,27,2012,2.982142857,"Biodiesel RIN ",0.0144
3,28,2012,2.962142857,"Biodiesel RIN ",0.014325000000000001
3,29,2012,2.934047619,"Biodiesel RIN ",0.014150000000000001
3,30,2012,2.938333333,"Biodiesel RIN ",0.014150000000000001
4,2,2012,2.962857143,"Biodiesel RIN ",0.0141
4,4,2012,2.92952381,"Biodiesel RIN ",0.01435
4,5,2012,2.942380952,"Biodiesel RIN ",0.01435
4,10,2012,2.902142857,"Biodiesel RIN ",0.014650000000000002
4,11,2012,2.866904762,"Biodiesel RIN ",0.014650000000000002
4,12,2012,2.870714286,"Biodiesel RIN ",0.0145875
4,13,2012,2.871904762,"Biodiesel RIN ",0.0146
4,16,2012,2.815,"Biodiesel RIN ",0.014525
4,17,2012,2.79547619,"Biodiesel RIN ",0.014375
4,18,2012,2.742380952,"Biodiesel RIN ",0.01435
4,19,2012,2.785714286,"Biodiesel RIN ",0.014499999999999999
4,20,2012,2.811428571,"Biodiesel RIN ",0.014450000000000001
4,23,2012,2.777619048,"Biodiesel RIN ",0.014499999999999999
4,24,2012,2.803333333,"Biodiesel RIN ",0.0144
4,25,2012,2.796428571,"Biodiesel RIN ",0.014175
4,26,2012,2.841190476,"Biodiesel RIN ",0.0141
4,27,2012,2.84047619,"Biodiesel RIN ",0.014199999999999999
4,30,2012,2.825238095,"Biodiesel RIN ",0.014199999999999999
5,1,2012,2.846904762,"Biodiesel RIN ",0.01425
5,2,2012,2.799285714,"Biodiesel RIN ",0.014199999999999999
5,3,2012,2.759761905,"Biodiesel RIN ",0.01435
5,4,2012,2.658571429,"Biodiesel RIN ",0.014175
5,8,2012,2.63047619,"Biodiesel RIN ",0.014325000000000001
5,9,2012,2.664047619,"Biodiesel RIN ",0.0142375
5,10,2012,2.672380952,"Biodiesel RIN ",0.0141
5,11,2012,2.678571429,"Biodiesel RIN ",0.014074999999999999
5,14,2012,2.637857143,"Biodiesel RIN ",0.0141
5,15,2012,2.652380952,"Biodiesel RIN ",0.01375
5,16,2012,2.614285714,"Biodiesel RIN ",0.0134
5,17,2012,2.602619048,"Biodiesel RIN ",0.013049999999999999
5,18,2012,2.572142857,"Biodiesel RIN ",0.0134
5,21,2012,2.595714286,"Biodiesel RIN ",0.013349999999999999
5,22,2012,2.613333333,"Biodiesel RIN ",0.0132
5,23,2012,2.544761905,"Biodiesel RIN ",0.01315
5,24,2012,2.552380952,"Biodiesel RIN ",0.01315
5,25,2012,2.568095238,"Biodiesel RIN ",0.013000000000000001
5,29,2012,2.560714286,"Biodiesel RIN ",0.013049999999999999
5,30,2012,2.472619048,"Biodiesel RIN ",0.012849999999999999
5,31,2012,2.472857143,"Biodiesel RIN ",0.0126
6,1,2012,2.348333333,"Biodiesel RIN ",0.012350000000000002
6,4,2012,2.327142857,"Biodiesel RIN ",0.0121
6,5,2012,2.348809524,"Biodiesel RIN ",0.01175
6,6,2012,2.408095238,"Biodiesel RIN ",0.0115
6,7,2012,2.382142857,"Biodiesel RIN ",0.01095
6,8,2012,2.323095238,"Biodiesel RIN ",0.0115
6,11,2012,2.347619048,"Biodiesel RIN ",0.012199999999999999
6,12,2012,2.299761905,"Biodiesel RIN ",0.0121
6,13,2012,2.316428571,"Biodiesel RIN ",0.01195
6,14,2012,2.296666667,"Biodiesel RIN ",0.0121
6,15,2012,2.312619048,"Biodiesel RIN ",0.011775
6,18,2012,2.266904762,"Biodiesel RIN ",0.0118
6,19,2012,2.265238095,"Biodiesel RIN ",0.01165
6,20,2012,2.226190476,"Biodiesel RIN ",0.0115
6,21,2012,2.124285714,"Biodiesel RIN ",0.01155
6,22,2012,2.124285714,"Biodiesel RIN ",0.01135
6,25,2012,2.111666667,"Biodiesel RIN ",0.011399999999999999
6,26,2012,2.147380952,"Biodiesel RIN ",0.01145
6,27,2012,2.191904762,"Biodiesel RIN ",0.011575
6,28,2012,2.167142857,"Biodiesel RIN ",0.0115
6,29,2012,2.242142857,"Biodiesel RIN ",0.01175
7,2,2012,2.268571429,"Biodiesel RIN ",0.011725000000000001
7,3,2012,2.378333333,"Biodiesel RIN ",0.01175
7,5,2012,2.417619048,"Biodiesel RIN ",0.01195
7,6,2012,2.345238095,"Biodiesel RIN ",0.012
7,9,2012,2.37952381,"Biodiesel RIN ",0.0121
7,10,2012,2.360714286,"Biodiesel RIN ",0.012150000000000001
7,11,2012,2.362619048,"Biodiesel RIN ",0.012175
7,12,2012,2.361428571,"Biodiesel RIN ",0.012375
7,13,2012,2.426428571,"Biodiesel RIN ",0.012350000000000002
7,16,2012,2.430952381,"Biodiesel RIN ",0.012525
7,17,2012,2.481190476,"Biodiesel RIN ",0.0125375
7,18,2012,2.521904762,"Biodiesel RIN ",0.0125
7,19,2012,2.566428571,"Biodiesel RIN ",0.012450000000000001
7,20,2012,2.547142857,"Biodiesel RIN ",0.0123
7,23,2012,2.474047619,"Biodiesel RIN ",0.012350000000000002
7,24,2012,2.465952381,"Biodiesel RIN ",0.012225
7,25,2012,2.436904762,"Biodiesel RIN ",0.012150000000000001
7,26,2012,2.49452381,"Biodiesel RIN ",0.01205
7,27,2012,2.530952381,"Biodiesel RIN ",0.011699999999999999
7,30,2012,2.536666667,"Biodiesel RIN ",0.0115
7,31,2012,2.522142857,"Biodiesel RIN ",0.01125
8,1,2012,2.542380952,"Biodiesel RIN ",0.011049999999999999
8,2,2012,2.560714286,"Biodiesel RIN ",0.0111
8,3,2012,2.608809524,"Biodiesel RIN ",0.011049999999999999
8,6,2012,2.619285714,"Biodiesel RIN ",0.011000000000000001
8,7,2012,2.675952381,"Biodiesel RIN ",0.01095
8,8,2012,2.70047619,"Biodiesel RIN ",0.01065
8,9,2012,2.702857143,"Biodiesel RIN ",0.01045
8,10,2012,2.693571429,"Biodiesel RIN ",0.010525
8,13,2012,2.725714286,"Biodiesel RIN ",0.0105
8,14,2012,2.711904762,"Biodiesel RIN ",0.01035
8,15,2012,2.750238095,"Biodiesel RIN ",0.0103
8,16,2012,2.764761905,"Biodiesel RIN ",0.01
8,17,2012,2.742857143,"Biodiesel RIN ",0.00975
8,20,2012,2.75,"Biodiesel RIN ",0.0097
8,21,2012,2.762619048,"Biodiesel RIN ",0.0096
8,22,2012,2.756428571,"Biodiesel RIN ",0.0097
8,23,2012,2.796428571,"Biodiesel RIN ",0.009899999999999999
8,24,2012,2.756190476,"Biodiesel RIN ",0.0099375
8,27,2012,2.708095238,"Biodiesel RIN ",0.0101
8,28,2012,2.681428571,"Biodiesel RIN ",0.0101
8,29,2012,2.679285714,"Biodiesel RIN ",0.01
8,30,2012,2.673333333,"Biodiesel RIN ",0.010025
8,31,2012,2.712619048,"Biodiesel RIN ",0.009899999999999999
9,4,2012,2.737619048,"Biodiesel RIN ",0.009899999999999999
9,5,2012,2.698095238,"Biodiesel RIN ",0.00985
9,6,2012,2.726190476,"Biodiesel RIN ",0.0098
9,7,2012,2.705714286,"Biodiesel RIN ",0.0098
9,10,2012,2.71047619,"Biodiesel RIN ",0.01
9,11,2012,2.734761905,"Biodiesel RIN ",0.009925
9,12,2012,2.734761905,"Biodiesel RIN ",0.009975000000000001
9,13,2012,2.761904762,"Biodiesel RIN ",0.00995
9,14,2012,2.797142857,"Biodiesel RIN ",0.009975000000000001
9,17,2012,2.778571429,"Biodiesel RIN ",0.01
9,18,2012,2.697380952,"Biodiesel RIN ",0.009825
9,19,2012,2.583095238,"Biodiesel RIN ",0.0097
9,20,2012,2.605,"Biodiesel RIN ",0.00955
9,21,2012,2.649285714,"Biodiesel RIN ",0.00935
9,24,2012,2.6,"Biodiesel RIN ",0.0089
9,25,2012,2.637380952,"Biodiesel RIN ",0.0079
9,26,2012,2.595,"Biodiesel RIN ",0.00745
9,27,2012,2.653571429,"Biodiesel RIN ",0.0076
9,28,2012,2.651428571,"Biodiesel RIN ",0.00755
10,1,2012,2.68047619,"Biodiesel RIN ",0.0074
10,2,2012,2.678333333,"Biodiesel RIN ",0.007175
10,3,2012,2.602857143,"Biodiesel RIN ",0.00685
10,4,2012,2.63047619,"Biodiesel RIN ",0.005849999999999999
10,5,2012,2.670714286,"Biodiesel RIN ",0.00525
10,8,2012,2.680952381,"Biodiesel RIN ",0.0049499999999999995
10,9,2012,2.721904762,"Biodiesel RIN ",0.004699999999999999
10,10,2012,2.76452381,"Biodiesel RIN ",0.00435
10,11,2012,2.766190476,"Biodiesel RIN ",0.0043375
10,12,2012,2.742142857,"Biodiesel RIN ",0.00435
10,15,2012,2.738095238,"Biodiesel RIN ",0.0046500000000000005
10,16,2012,2.738095238,"Biodiesel RIN ",0.005124999999999999
10,17,2012,2.702142857,"Biodiesel RIN ",0.0064
10,18,2012,2.68047619,"Biodiesel RIN ",0.006500000000000001
10,19,2012,2.664047619,"Biodiesel RIN ",0.00625
10,22,2012,2.61,"Biodiesel RIN ",0.0060999999999999995
10,23,2012,2.560238095,"Biodiesel RIN ",0.0053
10,24,2012,2.563333333,"Biodiesel RIN ",0.00505
10,25,2012,2.562857143,"Biodiesel RIN ",0.005
10,26,2012,2.592857143,"Biodiesel RIN ",0.005
10,29,2012,2.603095238,"Biodiesel RIN ",0.0049499999999999995
10,30,2012,2.604761905,"Biodiesel RIN ",0.00505
10,31,2012,2.616428571,"Biodiesel RIN ",0.005350000000000001
11,1,2012,2.591428571,"Biodiesel RIN ",0.0058
11,2,2012,2.542619048,"Biodiesel RIN ",0.005699999999999999
11,5,2012,2.514047619,"Biodiesel RIN ",0.0055000000000000005
11,6,2012,2.601666667,"Biodiesel RIN ",0.005350000000000001
11,7,2012,2.576428571,"Biodiesel RIN ",0.00515
11,8,2012,2.553095238,"Biodiesel RIN ",0.00515
11,9,2012,2.585952381,"Biodiesel RIN ",0.0052
11,12,2012,2.62452381,"Biodiesel RIN ",0.0052
11,13,2012,2.590952381,"Biodiesel RIN ",0.005350000000000001
11,14,2012,2.610952381,"Biodiesel RIN ",0.00555
11,15,2012,2.620714286,"Biodiesel RIN ",0.005475
11,16,2012,2.543095238,"Biodiesel RIN ",0.0052
11,19,2012,2.62047619,"Biodiesel RIN ",0.0053
11,20,2012,2.619285714,"Biodiesel RIN ",0.00545
11,21,2012,2.638333333,"Biodiesel RIN ",0.005350000000000001
11,26,2012,2.623333333,"Biodiesel RIN ",0.0055000000000000005
11,27,2012,2.603095238,"Biodiesel RIN ",0.0055249999999999995
11,28,2012,2.577619048,"Biodiesel RIN ",0.005600000000000001
11,29,2012,2.630238095,"Biodiesel RIN ",0.005274999999999999
11,30,2012,2.639047619,"Biodiesel RIN ",0.00525
12,3,2012,2.649285714,"Biodiesel RIN ",0.005225
12,4,2012,2.618809524,"Biodiesel RIN ",0.0054
12,5,2012,2.594285714,"Biodiesel RIN ",0.0055000000000000005
12,6,2012,2.571666667,"Biodiesel RIN ",0.0055000000000000005
12,7,2012,2.551428571,"Biodiesel RIN ",0.00555
12,10,2012,2.577380952,"Biodiesel RIN ",0.00545
12,11,2012,2.561904762,"Biodiesel RIN ",0.00555
12,12,2012,2.623095238,"Biodiesel RIN ",0.00565
12,13,2012,2.623333333,"Biodiesel RIN ",0.00565
12,14,2012,2.601904762,"Biodiesel RIN ",0.005725
12,17,2012,2.603571429,"Biodiesel RIN ",0.005849999999999999
12,18,2012,2.618095238,"Biodiesel RIN ",0.0060750000000000005
12,19,2012,2.617857143,"Biodiesel RIN ",0.00635
12,20,2012,2.632619048,"Biodiesel RIN ",0.0064
12,21,2012,2.598333333,"Biodiesel RIN ",0.0066
12,24,2012,2.581904762,"Biodiesel RIN ",0.0066
12,26,2012,2.636190476,"Biodiesel RIN ",0.00635
12,27,2012,2.62,"Biodiesel RIN ",0.0062
12,28,2012,2.620238095,"Biodiesel RIN ",0.0060999999999999995
12,31,2012,2.638095238,"Biodiesel RIN ",0.00615
1,2,2013,2.69,"Biodiesel RIN ",0.004699999999999999
1,3,2013,2.691190476,"Biodiesel RIN ",0.0044
1,4,2013,2.68047619,"Biodiesel RIN ",0.0045000000000000005
1,7,2013,2.678333333,"Biodiesel RIN ",0.0045000000000000005
1,8,2013,2.691190476,"Biodiesel RIN ",0.0046500000000000005
1,9,2013,2.692142857,"Biodiesel RIN ",0.0051
1,10,2013,2.689761905,"Biodiesel RIN ",0.00515
1,11,2013,2.626190476,"Biodiesel RIN ",0.0052
1,14,2013,2.65047619,"Biodiesel RIN ",0.0051
1,15,2013,2.66,"Biodiesel RIN ",0.00515
1,16,2013,2.642142857,"Biodiesel RIN ",0.0051
1,17,2013,2.643095238,"Biodiesel RIN ",0.005024999999999999
1,18,2013,2.659761905,"Biodiesel RIN ",0.005
1,22,2013,2.683809524,"Biodiesel RIN ",0.005
1,23,2013,2.706666667,"Biodiesel RIN ",0.005
1,24,2013,2.728333333,"Biodiesel RIN ",0.0049499999999999995
1,25,2013,2.711428571,"Biodiesel RIN ",0.0049
1,28,2013,2.712380952,"Biodiesel RIN ",0.00475
1,29,2013,2.743333333,"Biodiesel RIN ",0.0049
1,30,2013,2.748095238,"Biodiesel RIN ",0.0052
1,31,2013,2.751190476,"Biodiesel RIN ",0.005325
2,1,2013,2.751190476,"Biodiesel RIN ",0.00545
2,4,2013,2.763333333,"Biodiesel RIN ",0.0055000000000000005
2,5,2013,2.786428571,"Biodiesel RIN ",0.0055000000000000005
2,6,2013,2.776428571,"Biodiesel RIN ",0.0055000000000000005
2,7,2013,2.789761905,"Biodiesel RIN ",0.005600000000000001
2,8,2013,2.830952381,"Biodiesel RIN ",0.005600000000000001
2,11,2013,2.816428571,"Biodiesel RIN ",0.0058
2,12,2013,2.806904762,"Biodiesel RIN ",0.0058
2,13,2013,2.819761905,"Biodiesel RIN ",0.005350000000000001
2,14,2013,2.820952381,"Biodiesel RIN ",0.0054
2,15,2013,2.795238095,"Biodiesel RIN ",0.005425
2,19,2013,2.786666667,"Biodiesel RIN ",0.0055000000000000005
2,20,2013,2.767380952,"Biodiesel RIN ",0.005699999999999999
2,21,2013,2.718809524,"Biodiesel RIN ",0.0062
2,22,2013,2.708095238,"Biodiesel RIN ",0.005875
2,25,2013,2.727380952,"Biodiesel RIN ",0.005699999999999999
2,26,2013,2.68952381,"Biodiesel RIN ",0.006
2,27,2013,2.672380952,"Biodiesel RIN ",0.006500000000000001
2,28,2013,2.671428571,"Biodiesel RIN ",0.0066
3,1,2013,2.622380952,"Biodiesel RIN ",0.0074
3,4,2013,2.616666667,"Biodiesel RIN ",0.008
3,5,2013,2.629047619,"Biodiesel RIN ",0.00855
3,6,2013,2.62547619,"Biodiesel RIN ",0.0087
3,7,2013,2.629047619,"Biodiesel RIN ",0.009300000000000001
3,8,2013,2.593095238,"Biodiesel RIN ",0.01075
3,11,2013,2.586666667,"Biodiesel RIN ",0.0105
3,12,2013,2.582857143,"Biodiesel RIN ",0.00985
3,13,2013,2.559761905,"Biodiesel RIN ",0.00975
3,14,2013,2.573809524,"Biodiesel RIN ",0.008
3,15,2013,2.602857143,"Biodiesel RIN ",0.0085
3,18,2013,2.584285714,"Biodiesel RIN ",0.00825
3,19,2013,2.54547619,"Biodiesel RIN ",0.0079
3,20,2013,2.577857143,"Biodiesel RIN ",0.008
3,21,2013,2.533571429,"Biodiesel RIN ",0.008
3,22,2013,2.535952381,"Biodiesel RIN ",0.00795
3,25,2013,2.53952381,"Biodiesel RIN ",0.00745
3,26,2013,2.55,"Biodiesel RIN ",0.0076
3,27,2013,2.583571429,"Biodiesel RIN ",0.007850000000000001
3,28,2013,2.582380952,"Biodiesel RIN ",0.008
4,1,2013,2.58952381,"Biodiesel RIN ",0.00775
4,2,2013,2.610952381,"Biodiesel RIN ",0.007875
4,3,2013,2.567142857,"Biodiesel RIN ",0.008
4,4,2013,2.502142857,"Biodiesel RIN ",0.008
4,5,2013,2.475714286,"Biodiesel RIN ",0.0086
4,8,2013,2.456190476,"Biodiesel RIN ",0.0092
4,9,2013,2.478095238,"Biodiesel RIN ",0.0098
4,10,2013,2.495238095,"Biodiesel RIN ",0.009125
4,11,2013,2.467142857,"Biodiesel RIN ",0.0086
4,12,2013,2.394761905,"Biodiesel RIN ",0.0085
4,15,2013,2.364761905,"Biodiesel RIN ",0.008199999999999999
4,16,2013,2.33047619,"Biodiesel RIN ",0.00865
4,17,2013,2.305714286,"Biodiesel RIN ",0.007850000000000001
4,18,2013,2.320952381,"Biodiesel RIN ",0.0085
4,19,2013,2.355714286,"Biodiesel RIN ",0.00825
4,22,2013,2.358809524,"Biodiesel RIN ",0.00825
4,23,2013,2.363095238,"Biodiesel RIN ",0.00825
4,24,2013,2.397857143,"Biodiesel RIN ",0.008075
4,25,2013,2.41952381,"Biodiesel RIN ",0.008
4,26,2013,2.437857143,"Biodiesel RIN ",0.008125
4,29,2013,2.44952381,"Biodiesel RIN ",0.00835
4,30,2013,2.417380952,"Biodiesel RIN ",0.009250000000000001
5,1,2013,2.341428571,"Biodiesel RIN ",0.00905
5,2,2013,2.388571429,"Biodiesel RIN ",0.00895
5,3,2013,2.49047619,"Biodiesel RIN ",0.00915
5,6,2013,2.5,"Biodiesel RIN ",0.009375
5,7,2013,2.504285714,"Biodiesel RIN ",0.0095
5,8,2013,2.471190476,"Biodiesel RIN ",0.0095
5,9,2013,2.466428571,"Biodiesel RIN ",0.0095
5,10,2013,2.412142857,"Biodiesel RIN ",0.009399999999999999
5,13,2013,2.432619048,"Biodiesel RIN ",0.009375
5,14,2013,2.445238095,"Biodiesel RIN ",0.009399999999999999
5,15,2013,2.418333333,"Biodiesel RIN ",0.0095
5,16,2013,2.482619048,"Biodiesel RIN ",0.0095
5,17,2013,2.472142857,"Biodiesel RIN ",0.009625
5,20,2013,2.489285714,"Biodiesel RIN ",0.009775
5,21,2013,2.454761905,"Biodiesel RIN ",0.01
5,22,2013,2.431904762,"Biodiesel RIN ",0.01
5,23,2013,2.391904762,"Biodiesel RIN ",0.00985
5,24,2013,2.41047619,"Biodiesel RIN ",0.0096
5,28,2013,2.470714286,"Biodiesel RIN ",0.009649999999999999
5,29,2013,2.431904762,"Biodiesel RIN ",0.00995
5,30,2013,2.423571429,"Biodiesel RIN ",0.01015
5,31,2013,2.391190476,"Biodiesel RIN ",0.0102
6,3,2013,2.419761905,"Biodiesel RIN ",0.010549999999999999
6,4,2013,2.42952381,"Biodiesel RIN ",0.0106
6,5,2013,2.46452381,"Biodiesel RIN ",0.010425
6,6,2013,2.461190476,"Biodiesel RIN ",0.01045
6,7,2013,2.477857143,"Biodiesel RIN ",0.0104
6,10,2013,2.473095238,"Biodiesel RIN ",0.010425
6,11,2013,2.416666667,"Biodiesel RIN ",0.0103
6,12,2013,2.455,"Biodiesel RIN ",0.01015
6,13,2013,2.461428571,"Biodiesel RIN ",0.0101
6,14,2013,2.502380952,"Biodiesel RIN ",0.01015
6,17,2013,2.519047619,"Biodiesel RIN ",0.0103
6,18,2013,2.505,"Biodiesel RIN ",0.010087500000000001
6,19,2013,2.513333333,"Biodiesel RIN ",0.01015
6,20,2013,2.445714286,"Biodiesel RIN ",0.010249999999999999
6,21,2013,2.38952381,"Biodiesel RIN ",0.01035
6,24,2013,2.376190476,"Biodiesel RIN ",0.010249999999999999
6,25,2013,2.416904762,"Biodiesel RIN ",0.0104
6,26,2013,2.395714286,"Biodiesel RIN ",0.0104
6,27,2013,2.446190476,"Biodiesel RIN ",0.0105
6,28,2013,2.440238095,"Biodiesel RIN ",0.010700000000000001
7,1,2013,2.456904762,"Biodiesel RIN ",0.0109
7,2,2013,2.475238095,"Biodiesel RIN ",0.01065
7,3,2013,2.526666667,"Biodiesel RIN ",0.01075
7,5,2013,2.558571429,"Biodiesel RIN ",0.0108
7,8,2013,2.56547619,"Biodiesel RIN ",0.0109
7,9,2013,2.569047619,"Biodiesel RIN ",0.011200000000000002
7,10,2013,2.581666667,"Biodiesel RIN ",0.012
7,11,2013,2.575714286,"Biodiesel RIN ",0.0116
7,12,2013,2.595952381,"Biodiesel RIN ",0.01195
7,15,2013,2.596428571,"Biodiesel RIN ",0.01275
7,16,2013,2.602142857,"Biodiesel RIN ",0.013574999999999999
7,17,2013,2.611190476,"Biodiesel RIN ",0.014325000000000001
7,18,2013,2.612142857,"Biodiesel RIN ",0.0146
7,19,2013,2.603333333,"Biodiesel RIN ",0.01385
7,22,2013,2.590952381,"Biodiesel RIN ",0.013825
7,23,2013,2.601666667,"Biodiesel RIN ",0.013600000000000001
7,24,2013,2.576904762,"Biodiesel RIN ",0.012875000000000001
7,25,2013,2.573809524,"Biodiesel RIN ",0.0109
7,26,2013,2.561190476,"Biodiesel RIN ",0.0104
7,29,2013,2.573809524,"Biodiesel RIN ",0.010249999999999999
7,30,2013,2.558809524,"Biodiesel RIN ",0.0111
7,31,2013,2.568809524,"Biodiesel RIN ",0.01175
8,1,2013,2.617619048,"Biodiesel RIN ",0.0118
8,2,2013,2.610238095,"Biodiesel RIN ",0.0111
8,5,2013,2.61452381,"Biodiesel RIN ",0.011200000000000002
8,6,2013,2.589761905,"Biodiesel RIN ",0.009975000000000001
8,7,2013,2.580714286,"Biodiesel RIN ",0.0089
8,8,2013,2.555238095,"Biodiesel RIN ",0.0073
8,9,2013,2.583095238,"Biodiesel RIN ",0.008
8,12,2013,2.601904762,"Biodiesel RIN ",0.0083
8,13,2013,2.63547619,"Biodiesel RIN ",0.00865
8,14,2013,2.625238095,"Biodiesel RIN ",0.00875
8,15,2013,2.656666667,"Biodiesel RIN ",0.0092
8,16,2013,2.662380952,"Biodiesel RIN ",0.009250000000000001
8,19,2013,2.652619048,"Biodiesel RIN ",0.009399999999999999
8,20,2013,2.636666667,"Biodiesel RIN ",0.0092
8,21,2013,2.638571429,"Biodiesel RIN ",0.0088
8,22,2013,2.631190476,"Biodiesel RIN ",0.0085
8,23,2013,2.66952381,"Biodiesel RIN ",0.008625
8,26,2013,2.672142857,"Biodiesel RIN ",0.0086
8,27,2013,2.743095238,"Biodiesel RIN ",0.0083
8,28,2013,2.768333333,"Biodiesel RIN ",0.00795
8,29,2013,2.783571429,"Biodiesel RIN ",0.00775
8,30,2013,2.761190476,"Biodiesel RIN ",0.007850000000000001
9,3,2013,2.749761905,"Biodiesel RIN ",0.008225
9,4,2013,2.753571429,"Biodiesel RIN ",0.0083
9,5,2013,2.757380952,"Biodiesel RIN ",0.008
9,6,2013,2.789285714,"Biodiesel RIN ",0.00805
9,9,2013,2.742857143,"Biodiesel RIN ",0.008100000000000001
9,10,2013,2.669047619,"Biodiesel RIN ",0.008
9,11,2013,2.67547619,"Biodiesel RIN ",0.0076
9,12,2013,2.693095238,"Biodiesel RIN ",0.00745
9,13,2013,2.697857143,"Biodiesel RIN ",0.0074
9,16,2013,2.63952381,"Biodiesel RIN ",0.0069
9,17,2013,2.596428571,"Biodiesel RIN ",0.0062
9,18,2013,2.597380952,"Biodiesel RIN ",0.00625
9,19,2013,2.634761905,"Biodiesel RIN ",0.00735
9,20,2013,2.624285714,"Biodiesel RIN ",0.00695
9,23,2013,2.584761905,"Biodiesel RIN ",0.0069
9,24,2013,2.563809524,"Biodiesel RIN ",0.0069
9,25,2013,2.606190476,"Biodiesel RIN ",0.006725
9,26,2013,2.591904762,"Biodiesel RIN ",0.006999999999999999
9,27,2013,2.605952381,"Biodiesel RIN ",0.006500000000000001
9,30,2013,2.567857143,"Biodiesel RIN ",0.0062
10,1,2013,2.555238095,"Biodiesel RIN ",0.0066749999999999995
10,2,2013,2.597380952,"Biodiesel RIN ",0.0067
10,3,2013,2.606904762,"Biodiesel RIN ",0.0063
10,4,2013,2.605238095,"Biodiesel RIN ",0.006424999999999999
10,7,2013,2.610952381,"Biodiesel RIN ",0.006500000000000001
10,8,2013,2.632380952,"Biodiesel RIN ",0.006500000000000001
10,9,2013,2.595714286,"Biodiesel RIN ",0.00655
10,10,2013,2.657857143,"Biodiesel RIN ",0.0054
10,11,2013,2.63452381,"Biodiesel RIN ",0.005350000000000001
10,14,2013,2.622142857,"Biodiesel RIN ",0.0054
10,15,2013,2.635,"Biodiesel RIN ",0.0055000000000000005
10,16,2013,2.637857143,"Biodiesel RIN ",0.0054
10,17,2013,2.608333333,"Biodiesel RIN ",0.005124999999999999
10,18,2013,2.604761905,"Biodiesel RIN ",0.0051
10,21,2013,2.606428571,"Biodiesel RIN ",0.00525
10,22,2013,2.608809524,"Biodiesel RIN ",0.0049499999999999995
10,23,2013,2.565238095,"Biodiesel RIN ",0.0046500000000000005
10,24,2013,2.538809524,"Biodiesel RIN ",0.004050000000000001
10,25,2013,2.516666667,"Biodiesel RIN ",0.00365
10,28,2013,2.578333333,"Biodiesel RIN ",0.003
10,29,2013,2.572380952,"Biodiesel RIN ",0.0032
10,30,2013,2.581190476,"Biodiesel RIN ",0.0034999999999999996
10,31,2013,2.560238095,"Biodiesel RIN ",0.0036
11,1,2013,2.518571429,"Biodiesel RIN ",0.00345
11,4,2013,2.496428571,"Biodiesel RIN ",0.0038
11,5,2013,2.500238095,"Biodiesel RIN ",0.00385
11,6,2013,2.510952381,"Biodiesel RIN ",0.0038125
11,7,2013,2.454285714,"Biodiesel RIN ",0.0037
11,8,2013,2.483095238,"Biodiesel RIN ",0.00315
11,11,2013,2.518095238,"Biodiesel RIN ",0.003075
11,12,2013,2.530714286,"Biodiesel RIN ",0.00255
11,13,2013,2.545238095,"Biodiesel RIN ",0.0026
11,14,2013,2.578333333,"Biodiesel RIN ",0.0031
11,15,2013,2.577380952,"Biodiesel RIN ",0.002875
11,18,2013,2.59047619,"Biodiesel RIN ",0.0022
11,19,2013,2.578333333,"Biodiesel RIN ",0.0023499999999999997
11,20,2013,2.577857143,"Biodiesel RIN ",0.0023625
11,21,2013,2.616666667,"Biodiesel RIN ",0.0023
11,22,2013,2.651428571,"Biodiesel RIN ",0.0026
11,25,2013,2.638809524,"Biodiesel RIN ",0.0028000000000000004
11,26,2013,2.667619048,"Biodiesel RIN ",0.0028499999999999997
11,27,2013,2.65047619,"Biodiesel RIN ",0.0028000000000000004
12,2,2013,2.65452381,"Biodiesel RIN ",0.0029
12,3,2013,2.691904762,"Biodiesel RIN ",0.0032
12,4,2013,2.696904762,"Biodiesel RIN ",0.0036
12,5,2013,2.668333333,"Biodiesel RIN ",0.0039000000000000003
12,6,2013,2.654761905,"Biodiesel RIN ",0.00375
12,9,2013,2.620714286,"Biodiesel RIN ",0.003575
12,10,2013,2.593095238,"Biodiesel RIN ",0.003175
12,11,2013,2.606428571,"Biodiesel RIN ",0.00295
12,12,2013,2.595,"Biodiesel RIN ",0.0031
12,13,2013,2.573333333,"Biodiesel RIN ",0.0031
12,16,2013,2.626190476,"Biodiesel RIN ",0.003
12,17,2013,2.593095238,"Biodiesel RIN ",0.0030499999999999998
12,18,2013,2.608571429,"Biodiesel RIN ",0.0033
12,19,2013,2.637619048,"Biodiesel RIN ",0.0031
12,20,2013,2.670238095,"Biodiesel RIN ",0.003125
12,23,2013,2.656666667,"Biodiesel RIN ",0.0032
12,24,2013,2.656428571,"Biodiesel RIN ",0.003175
12,26,2013,2.658333333,"Biodiesel RIN ",0.0033
12,27,2013,2.668095238,"Biodiesel RIN ",0.0034999999999999996
12,30,2013,2.630238095,"Biodiesel RIN ",0.0033250000000000003
12,31,2013,2.617857143,"Biodiesel RIN ",0.003525
1,2,2014,2.57,"Biodiesel RIN ",0.0046
1,2,2014,2.57,"Biodiesel RIN",0.00455
1,3,2014,2.537380952,"Biodiesel RIN ",0.0045000000000000005
1,3,2014,2.537380952,"Biodiesel RIN",0.0046500000000000005
1,6,2014,2.540714286,"Biodiesel RIN ",0.0044
1,6,2014,2.540714286,"Biodiesel RIN",0.0046
1,7,2014,2.547857143,"Biodiesel RIN ",0.00435
1,7,2014,2.547857143,"Biodiesel RIN",0.0045000000000000005
1,8,2014,2.557619048,"Biodiesel RIN ",0.0043
1,8,2014,2.557619048,"Biodiesel RIN",0.00425
1,9,2014,2.559285714,"Biodiesel RIN ",0.0043
1,9,2014,2.559285714,"Biodiesel RIN",0.00435
1,10,2014,2.534285714,"Biodiesel RIN ",0.0044
1,10,2014,2.534285714,"Biodiesel RIN",0.0043
1,13,2014,2.571904762,"Biodiesel RIN ",0.004375
1,13,2014,2.571904762,"Biodiesel RIN",0.004425
1,14,2014,2.55047619,"Biodiesel RIN ",0.0043
1,14,2014,2.55047619,"Biodiesel RIN",0.00445
1,15,2014,2.573571429,"Biodiesel RIN ",0.004475
1,15,2014,2.573571429,"Biodiesel RIN",0.0046
1,16,2014,2.558571429,"Biodiesel RIN ",0.0046500000000000005
1,16,2014,2.558571429,"Biodiesel RIN",0.004699999999999999
1,17,2014,2.582142857,"Biodiesel RIN ",0.0046
1,17,2014,2.582142857,"Biodiesel RIN",0.0046500000000000005
1,21,2014,2.599285714,"Biodiesel RIN ",0.0046500000000000005
1,21,2014,2.599285714,"Biodiesel RIN",0.004675
1,22,2014,2.611666667,"Biodiesel RIN",0.004675
1,23,2014,2.611666667,"Biodiesel RIN",0.004699999999999999
1,24,2014,2.598571429,"Biodiesel RIN",0.00475
1,27,2014,2.588571429,"Biodiesel RIN",0.004625000000000001
1,28,2014,2.597619048,"Biodiesel RIN",0.0046500000000000005
1,29,2014,2.591190476,"Biodiesel RIN",0.0046500000000000005
1,30,2014,2.603809524,"Biodiesel RIN",0.004824999999999999
1,31,2014,2.575238095,"Biodiesel RIN",0.005124999999999999
2,3,2014,2.536904762,"Biodiesel RIN",0.005
2,4,2014,2.548571429,"Biodiesel RIN",0.00505
2,5,2014,2.543095238,"Biodiesel RIN",0.0055000000000000005
2,6,2014,2.575,"Biodiesel RIN",0.005600000000000001
2,7,2014,2.621904762,"Biodiesel RIN",0.005699999999999999
2,10,2014,2.623333333,"Biodiesel RIN",0.006
2,11,2014,2.600238095,"Biodiesel RIN",0.0059499999999999996
2,12,2014,2.586190476,"Biodiesel RIN",0.005849999999999999
2,13,2014,2.594761905,"Biodiesel RIN",0.00605
2,14,2014,2.586428571,"Biodiesel RIN",0.0060999999999999995
2,18,2014,2.622380952,"Biodiesel RIN",0.006
2,19,2014,2.627857143,"Biodiesel RIN",0.00605
2,20,2014,2.605238095,"Biodiesel RIN",0.0060999999999999995
2,21,2014,2.595952381,"Biodiesel RIN",0.00605
2,24,2014,2.613333333,"Biodiesel RIN",0.0060999999999999995
2,25,2014,2.599761905,"Biodiesel RIN",0.0060999999999999995
2,26,2014,2.60452381,"Biodiesel RIN",0.00605
2,27,2014,2.584285714,"Biodiesel RIN",0.005699999999999999
2,28,2014,2.594761905,"Biodiesel RIN",0.00545
3,3,2014,2.649047619,"Biodiesel RIN",0.0058
3,4,2014,2.599285714,"Biodiesel RIN",0.00605
3,5,2014,2.575,"Biodiesel RIN",0.0066
3,6,2014,2.571190476,"Biodiesel RIN",0.007025
3,7,2014,2.598571429,"Biodiesel RIN",0.006750000000000001
3,10,2014,2.577857143,"Biodiesel RIN",0.00655
3,11,2014,2.579761905,"Biodiesel RIN",0.0066
3,12,2014,2.568571429,"Biodiesel RIN",0.00655
3,13,2014,2.559047619,"Biodiesel RIN",0.006750000000000001
3,14,2014,2.573333333,"Biodiesel RIN",0.00645
3,17,2014,2.547380952,"Biodiesel RIN",0.00645
3,18,2014,2.542619048,"Biodiesel RIN",0.006500000000000001
3,19,2014,2.522619048,"Biodiesel RIN",0.0067
3,20,2014,2.517380952,"Biodiesel RIN",0.00685
3,21,2014,2.552380952,"Biodiesel RIN",0.0066
3,24,2014,2.537857143,"Biodiesel RIN",0.00655
3,25,2014,2.547857143,"Biodiesel RIN",0.0066
3,26,2014,2.521428571,"Biodiesel RIN",0.00655
3,27,2014,2.537619048,"Biodiesel RIN",0.0064
3,28,2014,2.539047619,"Biodiesel RIN",0.0064
3,31,2014,2.522619048,"Biodiesel RIN",0.006500000000000001
4,1,2014,2.516666667,"Biodiesel RIN",0.006500000000000001
4,2,2014,2.461190476,"Biodiesel RIN",0.006500000000000001
4,3,2014,2.497142857,"Biodiesel RIN",0.006500000000000001
4,4,2014,2.533571429,"Biodiesel RIN",0.00645
4,7,2014,2.497380952,"Biodiesel RIN",0.00645
4,8,2014,2.519761905,"Biodiesel RIN",0.0063
4,9,2014,2.556904762,"Biodiesel RIN",0.006325
4,10,2014,2.55,"Biodiesel RIN",0.0062
4,11,2014,2.555714286,"Biodiesel RIN",0.005849999999999999
4,14,2014,2.563809524,"Biodiesel RIN",0.00565
4,15,2014,2.597619048,"Biodiesel RIN",0.005600000000000001
4,16,2014,2.612142857,"Biodiesel RIN",0.0058
4,17,2014,2.614047619,"Biodiesel RIN",0.0058
4,21,2014,2.611666667,"Biodiesel RIN",0.005699999999999999
4,22,2014,2.584285714,"Biodiesel RIN",0.005600000000000001
4,23,2014,2.582857143,"Biodiesel RIN",0.00565
4,24,2014,2.614047619,"Biodiesel RIN",0.00545
4,25,2014,2.607857143,"Biodiesel RIN",0.005350000000000001
4,28,2014,2.598095238,"Biodiesel RIN",0.005375
4,29,2014,2.616428571,"Biodiesel RIN",0.005075
4,30,2014,2.586428571,"Biodiesel RIN",0.00505
5,1,2014,2.586428571,"Biodiesel RIN",0.0052
5,2,2014,2.606666667,"Biodiesel RIN",0.00525
5,5,2014,2.606666667,"Biodiesel RIN",0.00525
5,6,2014,2.578571429,"Biodiesel RIN",0.005325
5,7,2014,2.57547619,"Biodiesel RIN",0.00525
5,8,2014,2.575952381,"Biodiesel RIN",0.005350000000000001
5,9,2014,2.577619048,"Biodiesel RIN",0.0055000000000000005
5,12,2014,2.580238095,"Biodiesel RIN",0.005699999999999999
5,13,2014,2.59,"Biodiesel RIN",0.005725
5,14,2014,2.615952381,"Biodiesel RIN",0.00565
5,15,2014,2.612857143,"Biodiesel RIN",0.0058
5,16,2014,2.64047619,"Biodiesel RIN",0.0059
5,19,2014,2.639047619,"Biodiesel RIN",0.0059499999999999996
5,20,2014,2.627380952,"Biodiesel RIN",0.0059
5,21,2014,2.65047619,"Biodiesel RIN",0.005725
5,22,2014,2.640238095,"Biodiesel RIN",0.00575
5,23,2014,2.623571429,"Biodiesel RIN",0.005699999999999999
5,27,2014,2.61452381,"Biodiesel RIN",0.005825
5,28,2014,2.597380952,"Biodiesel RIN",0.005699999999999999
5,29,2014,2.618571429,"Biodiesel RIN",0.005600000000000001
5,30,2014,2.600238095,"Biodiesel RIN",0.00555
6,2,2014,2.603333333,"Biodiesel RIN",0.0054
6,3,2014,2.592142857,"Biodiesel RIN",0.0054
6,4,2014,2.596904762,"Biodiesel RIN",0.0052
6,5,2014,2.581666667,"Biodiesel RIN",0.0053
6,6,2014,2.600238095,"Biodiesel RIN",0.0052
6,9,2014,2.632142857,"Biodiesel RIN",0.0054
6,10,2014,2.59952381,"Biodiesel RIN",0.00565
6,11,2014,2.615,"Biodiesel RIN",0.0055000000000000005
6,12,2014,2.670952381,"Biodiesel RIN",0.005425
6,13,2014,2.694047619,"Biodiesel RIN",0.0053
6,16,2014,2.70047619,"Biodiesel RIN",0.0054
6,17,2014,2.714761905,"Biodiesel RIN",0.005325
6,18,2014,2.720238095,"Biodiesel RIN",0.0054
6,19,2014,2.742619048,"Biodiesel RIN",0.005849999999999999
6,20,2014,2.727380952,"Biodiesel RIN",0.00645
6,23,2014,2.705238095,"Biodiesel RIN",0.0059
6,24,2014,2.708095238,"Biodiesel RIN",0.00605
6,25,2014,2.686666667,"Biodiesel RIN",0.00575
6,26,2014,2.681190476,"Biodiesel RIN",0.0058
6,27,2014,2.681428571,"Biodiesel RIN",0.005849999999999999
6,30,2014,2.643571429,"Biodiesel RIN",0.005849999999999999
7,1,2014,2.639047619,"Biodiesel RIN",0.005699999999999999
7,2,2014,2.623333333,"Biodiesel RIN",0.005575
7,3,2014,2.594761905,"Biodiesel RIN",0.00565
7,7,2014,2.588095238,"Biodiesel RIN",0.005725
7,8,2014,2.563095238,"Biodiesel RIN",0.005575
7,9,2014,2.543809524,"Biodiesel RIN",0.005475
7,10,2014,2.528571429,"Biodiesel RIN",0.00525
7,11,2014,2.518333333,"Biodiesel RIN",0.0053
7,14,2014,2.493571429,"Biodiesel RIN",0.00525
7,15,2014,2.493571429,"Biodiesel RIN",0.00525
7,16,2014,2.509761905,"Biodiesel RIN",0.00525
7,17,2014,2.524761905,"Biodiesel RIN",0.0055000000000000005
7,18,2014,2.52452381,"Biodiesel RIN",0.00545
7,21,2014,2.516904762,"Biodiesel RIN",0.0055000000000000005
7,22,2014,2.535238095,"Biodiesel RIN",0.0055000000000000005
7,23,2014,2.544047619,"Biodiesel RIN",0.00555
7,24,2014,2.518571429,"Biodiesel RIN",0.005625
7,25,2014,2.545,"Biodiesel RIN",0.00565
7,28,2014,2.54047619,"Biodiesel RIN",0.005625
7,29,2014,2.547142857,"Biodiesel RIN",0.00565
7,30,2014,2.535,"Biodiesel RIN",0.005675
7,31,2014,2.498571429,"Biodiesel RIN",0.00555
8,1,2014,2.463095238,"Biodiesel RIN",0.0055249999999999995
8,4,2014,2.467380952,"Biodiesel RIN",0.005625
8,5,2014,2.448095238,"Biodiesel RIN",0.0058
8,6,2014,2.480238095,"Biodiesel RIN",0.005625
8,7,2014,2.476666667,"Biodiesel RIN",0.005725
8,8,2014,2.460952381,"Biodiesel RIN",0.00565
8,11,2014,2.463571429,"Biodiesel RIN",0.005613
8,12,2014,2.420952381,"Biodiesel RIN",0.0055249999999999995
8,13,2014,2.435,"Biodiesel RIN",0.00545
8,14,2014,2.408333333,"Biodiesel RIN",0.005325
8,15,2014,2.407857143,"Biodiesel RIN",0.005274999999999999
8,18,2014,2.365952381,"Biodiesel RIN",0.005350000000000001
8,19,2014,2.374761905,"Biodiesel RIN",0.005350000000000001
8,20,2014,2.379047619,"Biodiesel RIN",0.005350000000000001
8,21,2014,2.387619048,"Biodiesel RIN",0.005375
8,22,2014,2.383095238,"Biodiesel RIN",0.005350000000000001
8,25,2014,2.392619048,"Biodiesel RIN",0.005375
8,26,2014,2.392857143,"Biodiesel RIN",0.005350000000000001
8,27,2014,2.39047619,"Biodiesel RIN",0.005325
8,28,2014,2.397857143,"Biodiesel RIN",0.005350000000000001
8,29,2014,2.407619048,"Biodiesel RIN",0.005325
9,2,2014,2.385952381,"Biodiesel RIN",0.005325
9,3,2014,2.401904762,"Biodiesel RIN",0.0054
9,4,2014,2.409761905,"Biodiesel RIN",0.005274999999999999
9,5,2014,2.369285714,"Biodiesel RIN",0.005274999999999999
9,8,2014,2.369761905,"Biodiesel RIN",0.005175
9,9,2014,2.335238095,"Biodiesel RIN",0.005075
9,10,2014,2.291904762,"Biodiesel RIN",0.0049499999999999995
9,11,2014,2.295714286,"Biodiesel RIN",0.004838
9,12,2014,2.293095238,"Biodiesel RIN",0.004824999999999999
9,15,2014,2.295952381,"Biodiesel RIN",0.00485
9,16,2014,2.318809524,"Biodiesel RIN",0.0049
9,17,2014,2.326190476,"Biodiesel RIN",0.0049
9,18,2014,2.305238095,"Biodiesel RIN",0.0049
9,19,2014,2.303571429,"Biodiesel RIN",0.004888
9,22,2014,2.270714286,"Biodiesel RIN",0.004963
9,23,2014,2.258809524,"Biodiesel RIN",0.005
9,24,2014,2.250714286,"Biodiesel RIN",0.005
9,25,2014,2.266666667,"Biodiesel RIN",0.005024999999999999
9,26,2014,2.263809524,"Biodiesel RIN",0.005024999999999999
9,29,2014,2.278571429,"Biodiesel RIN",0.005
9,30,2014,2.254047619,"Biodiesel RIN",0.004988
10,1,2014,2.251666667,"Biodiesel RIN",0.005038
10,2,2014,2.173571429,"Biodiesel RIN",0.005063
10,3,2014,2.161904762,"Biodiesel RIN",0.005288
10,6,2014,2.158333333,"Biodiesel RIN",0.00525
10,7,2014,2.164285714,"Biodiesel RIN",0.005350000000000001
10,8,2014,2.148809524,"Biodiesel RIN",0.005338000000000001
10,9,2014,2.154047619,"Biodiesel RIN",0.005350000000000001
10,10,2014,2.110952381,"Biodiesel RIN",0.0053879999999999996
10,13,2014,2.090952381,"Biodiesel RIN",0.0054
10,14,2014,2.056190476,"Biodiesel RIN",0.0054
10,15,2014,2.00047619,"Biodiesel RIN",0.005375
10,16,2014,2.00047619,"Biodiesel RIN",0.005350000000000001
10,17,2014,2.030238095,"Biodiesel RIN",0.005375
10,20,2014,2.01,"Biodiesel RIN",0.005325
10,21,2014,2.027857143,"Biodiesel RIN",0.00525
10,22,2014,2.056666667,"Biodiesel RIN",0.005124999999999999
10,23,2014,2.046190476,"Biodiesel RIN",0.005075
10,24,2014,2.047619048,"Biodiesel RIN",0.00505
10,27,2014,2.039047619,"Biodiesel RIN",0.005024999999999999
10,28,2014,2.037380952,"Biodiesel RIN",0.00505
10,29,2014,2.069285714,"Biodiesel RIN",0.00505
10,30,2014,2.035714286,"Biodiesel RIN",0.00505
10,31,2014,2.004047619,"Biodiesel RIN",0.005038
11,3,2014,2.021428571,"Biodiesel RIN",0.005024999999999999
11,4,2014,1.955238095,"Biodiesel RIN",0.004988
11,5,2014,1.973333333,"Biodiesel RIN",0.004925
11,6,2014,1.954285714,"Biodiesel RIN",0.004913
11,7,2014,1.980952381,"Biodiesel RIN",0.005024999999999999
11,10,2014,1.973809524,"Biodiesel RIN",0.00505
11,11,2014,1.927142857,"Biodiesel RIN",0.0051
11,12,2014,1.914761905,"Biodiesel RIN",0.0051
11,13,2014,1.850952381,"Biodiesel RIN",0.00515
11,14,2014,1.84547619,"Biodiesel RIN",0.005375
11,17,2014,1.83,"Biodiesel RIN",0.005475
11,18,2014,1.838809524,"Biodiesel RIN",0.006
11,19,2014,1.838333333,"Biodiesel RIN",0.0059499999999999996
11,20,2014,1.847857143,"Biodiesel RIN",0.00605
11,21,2014,1.885714286,"Biodiesel RIN",0.00545
11,24,2014,1.895714286,"Biodiesel RIN",0.005699999999999999
11,25,2014,1.848095238,"Biodiesel RIN",0.0058
11,26,2014,1.842619048,"Biodiesel RIN",0.006
12,1,2014,1.687380952,"Biodiesel RIN",0.00615
12,2,2014,1.693571429,"Biodiesel RIN",0.0064
12,3,2014,1.669761905,"Biodiesel RIN",0.006274999999999999
12,4,2014,1.63047619,"Biodiesel RIN",0.0062
12,5,2014,1.619047619,"Biodiesel RIN",0.006
12,8,2014,1.562857143,"Biodiesel RIN",0.0059499999999999996
12,9,2014,1.574047619,"Biodiesel RIN",0.0059499999999999996
12,10,2014,1.507619048,"Biodiesel RIN",0.006274999999999999
12,11,2014,1.51547619,"Biodiesel RIN",0.00625
12,12,2014,1.468333333,"Biodiesel RIN",0.00625
12,15,2014,1.45452381,"Biodiesel RIN",0.00625
12,16,2014,1.434761905,"Biodiesel RIN",0.0067
12,17,2014,1.424761905,"Biodiesel RIN",0.0067
12,18,2014,1.400238095,"Biodiesel RIN",0.006875
12,19,2014,1.401666667,"Biodiesel RIN",0.007175
12,22,2014,1.388333333,"Biodiesel RIN",0.00715
12,23,2014,1.406428571,"Biodiesel RIN",0.0072499999999999995
12,24,2014,1.396904762,"Biodiesel RIN",0.0073
12,26,2014,1.398095238,"Biodiesel RIN",0.0073
12,29,2014,1.377619048,"Biodiesel RIN",0.007425
12,30,2014,1.323809524,"Biodiesel RIN",0.00755
12,31,2014,1.315952381,"Biodiesel RIN",0.0076500000000000005
1,2,2015,1.318571429,"Biodiesel RIN",0.0092
1,5,2015,1.216190476,"Biodiesel RIN",0.0097
1,6,2015,1.193333333,"Biodiesel RIN",0.0103
1,7,2015,1.168095238,"Biodiesel RIN",0.009825
1,8,2015,1.176904762,"Biodiesel RIN",0.0095
1,9,2015,1.134285714,"Biodiesel RIN",0.00955
1,12,2015,1.116666667,"Biodiesel RIN",0.00945
1,13,2015,1.07452381,"Biodiesel RIN",0.009399999999999999
1,14,2015,1.090952381,"Biodiesel RIN",0.0095
1,15,2015,1.134761905,"Biodiesel RIN",0.009649999999999999
1,16,2015,1.128095238,"Biodiesel RIN",0.009399999999999999
1,20,2015,1.106904762,"Biodiesel RIN",0.00945
1,21,2015,1.107142857,"Biodiesel RIN",0.009399999999999999
1,22,2015,1.097380952,"Biodiesel RIN",0.00975
1,23,2015,1.111666667,"Biodiesel RIN",0.01015
1,26,2015,1.096904762,"Biodiesel RIN",0.010049999999999998
1,27,2015,1.108333333,"Biodiesel RIN",0.00985
1,28,2015,1.120714286,"Biodiesel RIN",0.009300000000000001
1,29,2015,1.109761905,"Biodiesel RIN",0.00915
1,30,2015,1.131428571,"Biodiesel RIN",0.009375
2,2,2015,1.231904762,"Biodiesel RIN",0.00905
2,3,2015,1.29547619,"Biodiesel RIN",0.0089
2,4,2015,1.311190476,"Biodiesel RIN",0.009000000000000001
2,5,2015,1.332857143,"Biodiesel RIN",0.00895
2,6,2015,1.33047619,"Biodiesel RIN",0.00905
2,9,2015,1.357142857,"Biodiesel RIN",0.009000000000000001
2,10,2015,1.328333333,"Biodiesel RIN",0.008875
2,11,2015,1.273333333,"Biodiesel RIN",0.0086
2,12,2015,1.338809524,"Biodiesel RIN",0.008625
2,13,2015,1.436428571,"Biodiesel RIN",0.008675
2,17,2015,1.447142857,"Biodiesel RIN",0.00865
2,18,2015,1.445714286,"Biodiesel RIN",0.0085
2,19,2015,1.39952381,"Biodiesel RIN",0.0086
2,20,2015,1.452142857,"Biodiesel RIN",0.0084
2,23,2015,1.423333333,"Biodiesel RIN",0.0085
2,24,2015,1.436428571,"Biodiesel RIN",0.008475
2,25,2015,1.423095238,"Biodiesel RIN",0.008463
2,26,2015,1.461666667,"Biodiesel RIN",0.008438
2,27,2015,1.473571429,"Biodiesel RIN",0.0083
3,2,2015,1.446428571,"Biodiesel RIN",0.00855
3,3,2015,1.456666667,"Biodiesel RIN",0.0085
3,4,2015,1.409047619,"Biodiesel RIN",0.00855
3,5,2015,1.436428571,"Biodiesel RIN",0.0085
3,6,2015,1.408333333,"Biodiesel RIN",0.0083
3,9,2015,1.396904762,"Biodiesel RIN",0.008225
3,10,2015,1.332142857,"Biodiesel RIN",0.008199999999999999
3,11,2015,1.344285714,"Biodiesel RIN",0.00815
3,12,2015,1.349047619,"Biodiesel RIN",0.008100000000000001
3,13,2015,1.304761905,"Biodiesel RIN",0.00795
3,16,2015,1.238095238,"Biodiesel RIN",0.007875
3,17,2015,1.242142857,"Biodiesel RIN",0.007724999999999999
3,18,2015,1.252142857,"Biodiesel RIN",0.0077
3,19,2015,1.260952381,"Biodiesel RIN",0.0078000000000000005
3,20,2015,1.282857143,"Biodiesel RIN",0.007850000000000001
3,23,2015,1.281428571,"Biodiesel RIN",0.0079
3,24,2015,1.276428571,"Biodiesel RIN",0.008
3,25,2015,1.29,"Biodiesel RIN",0.00825
3,26,2015,1.357619048,"Biodiesel RIN",0.008199999999999999
3,27,2015,1.343809524,"Biodiesel RIN",0.008125
3,30,2015,1.28547619,"Biodiesel RIN",0.00815
3,31,2015,1.278333333,"Biodiesel RIN",0.008100000000000001
4,1,2015,1.326904762,"Biodiesel RIN",0.008025
4,2,2015,1.326904762,"Biodiesel RIN",0.00805
4,6,2015,1.326904762,"Biodiesel RIN",0.008125
4,7,2015,1.370238095,"Biodiesel RIN",0.00815
4,8,2015,1.343333333,"Biodiesel RIN",0.008175
4,9,2015,1.334285714,"Biodiesel RIN",0.008199999999999999
4,10,2015,1.352857143,"Biodiesel RIN",0.008313000000000001
4,13,2015,1.36047619,"Biodiesel RIN",0.0085
4,14,2015,1.373571429,"Biodiesel RIN",0.00865
4,15,2015,1.412380952,"Biodiesel RIN",0.0084
4,16,2015,1.431666667,"Biodiesel RIN",0.00845
4,17,2015,1.459761905,"Biodiesel RIN",0.008425
4,20,2015,1.457142857,"Biodiesel RIN",0.0084
4,21,2015,1.431428571,"Biodiesel RIN",0.00845
4,22,2015,1.431428571,"Biodiesel RIN",0.008325
4,23,2015,1.491904762,"Biodiesel RIN",0.00825
4,24,2015,1.499047619,"Biodiesel RIN",0.00825
4,27,2015,1.496666667,"Biodiesel RIN",0.008325
4,28,2015,1.490714286,"Biodiesel RIN",0.008325
4,29,2015,1.523095238,"Biodiesel RIN",0.008375
4,30,2015,1.521428571,"Biodiesel RIN",0.00845
5,1,2015,1.526904762,"Biodiesel RIN",0.0085
5,4,2015,1.538571429,"Biodiesel RIN",0.00855
5,5,2015,1.558095238,"Biodiesel RIN",0.00855
5,6,2015,1.576666667,"Biodiesel RIN",0.008475
5,7,2015,1.545952381,"Biodiesel RIN",0.0084
5,8,2015,1.51952381,"Biodiesel RIN",0.008425
5,11,2015,1.495714286,"Biodiesel RIN",0.0084
5,12,2015,1.549761905,"Biodiesel RIN",0.00845
5,13,2015,1.579285714,"Biodiesel RIN",0.008463
5,14,2015,1.561428571,"Biodiesel RIN",0.00865
5,15,2015,1.540238095,"Biodiesel RIN",0.008725
5,18,2015,1.551190476,"Biodiesel RIN",0.008738000000000001
5,19,2015,1.511428571,"Biodiesel RIN",0.008775
5,20,2015,1.512380952,"Biodiesel RIN",0.00875
5,21,2015,1.54047619,"Biodiesel RIN",0.008675
5,22,2015,1.54047619,"Biodiesel RIN",0.00875
5,26,2015,1.467857143,"Biodiesel RIN",0.008725
5,27,2015,1.460714286,"Biodiesel RIN",0.00865
5,28,2015,1.431428571,"Biodiesel RIN",0.00875
5,29,2015,1.503809524,"Biodiesel RIN",0.00935
6,1,2015,1.496904762,"Biodiesel RIN",0.0091
6,2,2015,1.503333333,"Biodiesel RIN",0.00895
6,3,2015,1.494761905,"Biodiesel RIN",0.00875
6,4,2015,1.436666667,"Biodiesel RIN",0.00865
6,5,2015,1.437142857,"Biodiesel RIN",0.00875
6,8,2015,1.460238095,"Biodiesel RIN",0.008725
6,9,2015,1.50547619,"Biodiesel RIN",0.00885
6,10,2015,1.54,"Biodiesel RIN",0.00885
6,11,2015,1.518095238,"Biodiesel RIN",0.009000000000000001
6,12,2015,1.50452381,"Biodiesel RIN",0.00895
6,15,2015,1.452142857,"Biodiesel RIN",0.00895
6,16,2015,1.446428571,"Biodiesel RIN",0.009000000000000001
6,17,2015,1.446428571,"Biodiesel RIN",0.00915
6,18,2015,1.461190476,"Biodiesel RIN",0.00905
6,19,2015,1.41452381,"Biodiesel RIN",0.00885
6,22,2015,1.441428571,"Biodiesel RIN",0.0087
6,23,2015,1.468333333,"Biodiesel RIN",0.00865
6,24,2015,1.467380952,"Biodiesel RIN",0.00865
6,25,2015,1.434285714,"Biodiesel RIN",0.00865
6,26,2015,1.431904762,"Biodiesel RIN",0.0086
6,29,2015,1.40547619,"Biodiesel RIN",0.00855
6,30,2015,1.435952381,"Biodiesel RIN",0.0083
7,1,2015,1.467857143,"Biodiesel RIN",0.008100000000000001
7,2,2015,1.469761905,"Biodiesel RIN",0.008100000000000001
7,6,2015,1.361666667,"Biodiesel RIN",0.008199999999999999
7,7,2015,1.302857143,"Biodiesel RIN",0.008199999999999999
7,8,2015,1.326190476,"Biodiesel RIN",0.008199999999999999
7,9,2015,1.376904762,"Biodiesel RIN",0.00815
7,10,2015,1.374285714,"Biodiesel RIN",0.008075
7,13,2015,1.372142857,"Biodiesel RIN",0.007875
7,14,2015,1.361904762,"Biodiesel RIN",0.0077
7,15,2015,1.365238095,"Biodiesel RIN",0.00775
7,16,2015,1.36452381,"Biodiesel RIN",0.0076
7,17,2015,1.342380952,"Biodiesel RIN",0.0075
7,20,2015,1.343333333,"Biodiesel RIN",0.007475000000000001
7,21,2015,1.331904762,"Biodiesel RIN",0.007425
7,22,2015,1.341904762,"Biodiesel RIN",0.007425
7,23,2015,1.327619048,"Biodiesel RIN",0.0073750000000000005
7,24,2015,1.292619048,"Biodiesel RIN",0.0074
7,27,2015,1.287380952,"Biodiesel RIN",0.00715
7,28,2015,1.292857143,"Biodiesel RIN",0.006975
7,29,2015,1.303095238,"Biodiesel RIN",0.006975
7,30,2015,1.292619048,"Biodiesel RIN",0.006875
7,31,2015,1.268809524,"Biodiesel RIN",0.006725
8,3,2015,1.178333333,"Biodiesel RIN",0.0067
8,4,2015,1.168571429,"Biodiesel RIN",0.0069
8,5,2015,1.167619048,"Biodiesel RIN",0.00695
8,6,2015,1.138095238,"Biodiesel RIN",0.0069
8,7,2015,1.131904762,"Biodiesel RIN",0.0068000000000000005
8,10,2015,1.15,"Biodiesel RIN",0.006750000000000001
8,11,2015,1.126904762,"Biodiesel RIN",0.006750000000000001
8,12,2015,1.149761905,"Biodiesel RIN",0.006725
8,13,2015,1.143095238,"Biodiesel RIN",0.0067
8,14,2015,1.137857143,"Biodiesel RIN",0.0066500000000000005
8,17,2015,1.137380952,"Biodiesel RIN",0.0066
8,18,2015,1.119047619,"Biodiesel RIN",0.006625
8,19,2015,1.089285714,"Biodiesel RIN",0.0066
8,20,2015,1.086428571,"Biodiesel RIN",0.006575
8,21,2015,1.043809524,"Biodiesel RIN",0.006125
8,24,2015,0.990238095,"Biodiesel RIN",0.0059
8,25,2015,0.996666667,"Biodiesel RIN",0.005849999999999999
8,26,2015,0.994285714,"Biodiesel RIN",0.00555
8,27,2015,1.058571429,"Biodiesel RIN",0.005350000000000001
8,28,2015,1.142142857,"Biodiesel RIN",0.005375
9,1,2015,1.161904762,"Biodiesel RIN",0.005024999999999999
9,2,2015,1.135,"Biodiesel RIN",0.004725
9,3,2015,1.200238095,"Biodiesel RIN",0.004699999999999999
9,4,2015,1.156904762,"Biodiesel RIN",0.0044
9,8,2015,1.163809524,"Biodiesel RIN",0.004225
9,9,2015,1.143809524,"Biodiesel RIN",0.004125
9,10,2015,1.137380952,"Biodiesel RIN",0.003875
9,11,2015,1.115952381,"Biodiesel RIN",0.00385
9,14,2015,1.092142857,"Biodiesel RIN",0.00385
9,15,2015,1.093095238,"Biodiesel RIN",0.0042
9,16,2015,1.175,"Biodiesel RIN",0.004425
9,17,2015,1.149285714,"Biodiesel RIN",0.0045000000000000005
9,18,2015,1.125714286,"Biodiesel RIN",0.004563
9,21,2015,1.134285714,"Biodiesel RIN",0.004699999999999999
9,22,2015,1.111666667,"Biodiesel RIN",0.0049499999999999995
9,23,2015,1.142857143,"Biodiesel RIN",0.004824999999999999
9,24,2015,1.12047619,"Biodiesel RIN",0.004824999999999999
9,25,2015,1.125714286,"Biodiesel RIN",0.00485
9,28,2015,1.096190476,"Biodiesel RIN",0.0048
9,29,2015,1.132857143,"Biodiesel RIN",0.004824999999999999
9,30,2015,1.125952381,"Biodiesel RIN",0.004775
10,1,2015,1.13047619,"Biodiesel RIN",0.0046500000000000005
10,2,2015,1.108333333,"Biodiesel RIN",0.004625000000000001
10,5,2015,1.177380952,"Biodiesel RIN",0.00445
10,6,2015,1.222380952,"Biodiesel RIN",0.00435
10,7,2015,1.23,"Biodiesel RIN",0.004375
10,8,2015,1.241190476,"Biodiesel RIN",0.004575
10,9,2015,1.24,"Biodiesel RIN",0.004725
10,12,2015,1.213095238,"Biodiesel RIN",0.0048
10,13,2015,1.165238095,"Biodiesel RIN",0.004863
10,14,2015,1.148809524,"Biodiesel RIN",0.004925
10,15,2015,1.139761905,"Biodiesel RIN",0.00505
10,16,2015,1.165714286,"Biodiesel RIN",0.00525
10,19,2015,1.131190476,"Biodiesel RIN",0.00545
10,20,2015,1.117380952,"Biodiesel RIN",0.005849999999999999
10,21,2015,1.112380952,"Biodiesel RIN",0.006063
10,22,2015,1.109285714,"Biodiesel RIN",0.0060999999999999995
10,23,2015,1.102380952,"Biodiesel RIN",0.0059499999999999996
10,26,2015,1.108809524,"Biodiesel RIN",0.005575
10,27,2015,1.084285714,"Biodiesel RIN",0.005475
10,28,2015,1.133333333,"Biodiesel RIN",0.00545
10,29,2015,1.143809524,"Biodiesel RIN",0.0054
10,30,2015,1.142857143,"Biodiesel RIN",0.005375
11,2,2015,1.140714286,"Biodiesel RIN",0.00545
11,3,2015,1.142857143,"Biodiesel RIN",0.005675
11,4,2015,1.118095238,"Biodiesel RIN",0.005725
11,5,2015,1.123571429,"Biodiesel RIN",0.00575
11,6,2015,1.097380952,"Biodiesel RIN",0.00575
11,9,2015,1.08047619,"Biodiesel RIN",0.005775
11,10,2015,1.105714286,"Biodiesel RIN",0.005849999999999999
11,11,2015,1.070952381,"Biodiesel RIN",0.0059
11,12,2015,1.070952381,"Biodiesel RIN",0.006025
11,13,2015,0.99952381,"Biodiesel RIN",0.0060999999999999995
11,16,2015,0.959047619,"Biodiesel RIN",0.00625
11,17,2015,0.982857143,"Biodiesel RIN",0.006375
11,18,2015,0.986904762,"Biodiesel RIN",0.0068000000000000005
11,19,2015,1.005238095,"Biodiesel RIN",0.006925
11,20,2015,1.011666667,"Biodiesel RIN",0.0068000000000000005
11,23,2015,1.04047619,"Biodiesel RIN",0.0068000000000000005
11,24,2015,1.056666667,"Biodiesel RIN",0.0066500000000000005
11,25,2015,1.037142857,"Biodiesel RIN",0.00655
11,30,2015,1.041190476,"Biodiesel RIN",0.0072
12,1,2015,1.023095238,"Biodiesel RIN",0.00875
12,2,2015,0.998095238,"Biodiesel RIN",0.00865
12,3,2015,1,"Biodiesel RIN",0.0085
12,4,2015,0.986666667,"Biodiesel RIN",0.007925
12,7,2015,0.945,"Biodiesel RIN",0.00815
12,8,2015,0.939047619,"Biodiesel RIN",0.008
12,9,2015,0.92952381,"Biodiesel RIN",0.007325000000000001
12,10,2015,0.920238095,"Biodiesel RIN",0.0076
12,11,2015,0.880714286,"Biodiesel RIN",0.0078000000000000005
12,14,2015,0.869285714,"Biodiesel RIN",0.00805
12,15,2015,0.896666667,"Biodiesel RIN",0.007975
12,16,2015,0.88,"Biodiesel RIN",0.0072499999999999995
12,17,2015,0.864047619,"Biodiesel RIN",0.00715
12,18,2015,0.875238095,"Biodiesel RIN",0.00735
12,21,2015,0.841428571,"Biodiesel RIN",0.0075
12,22,2015,0.83952381,"Biodiesel RIN",0.00735
12,23,2015,0.852142857,"Biodiesel RIN",0.00735
12,24,2015,0.886190476,"Biodiesel RIN",0.0072499999999999995
12,28,2015,0.882857143,"Biodiesel RIN",0.00715
12,29,2015,0.877380952,"Biodiesel RIN",0.00715
12,30,2015,0.848809524,"Biodiesel RIN",0.00715
12,31,2015,0.871666667,"Biodiesel RIN",0.0072
1,4,2016,0.863809524,"Biodiesel RIN",0.00745
1,5,2016,0.846666667,"Biodiesel RIN",0.007525
1,6,2016,0.806904762,"Biodiesel RIN",0.00745
1,7,2016,0.799285714,"Biodiesel RIN",0.0074
1,8,2016,0.754047619,"Biodiesel RIN",0.00735
1,11,2016,0.717619048,"Biodiesel RIN",0.0073750000000000005
1,12,2016,0.693809524,"Biodiesel RIN",0.00735
1,13,2016,0.68047619,"Biodiesel RIN",0.0072250000000000005
1,14,2016,0.686666667,"Biodiesel RIN",0.0072250000000000005
1,15,2016,0.685714286,"Biodiesel RIN",0.0072250000000000005
1,19,2016,0.651428571,"Biodiesel RIN",0.0070999999999999995
1,20,2016,0.619285714,"Biodiesel RIN",0.00705
1,21,2016,0.656904762,"Biodiesel RIN",0.007013
1,22,2016,0.725238095,"Biodiesel RIN",0.006975
1,25,2016,0.71,"Biodiesel RIN",0.006999999999999999
1,26,2016,0.736666667,"Biodiesel RIN",0.007025
1,27,2016,0.757857143,"Biodiesel RIN",0.007088
1,28,2016,0.785952381,"Biodiesel RIN",0.0074
1,29,2016,0.789047619,"Biodiesel RIN",0.0075
2,1,2016,0.772619048,"Biodiesel RIN",0.007574999999999999
2,2,2016,0.737619048,"Biodiesel RIN",0.007625
2,3,2016,0.770952381,"Biodiesel RIN",0.0076749999999999995
2,4,2016,0.78,"Biodiesel RIN",0.0076749999999999995
2,5,2016,0.770238095,"Biodiesel RIN",0.00775
2,8,2016,0.753333333,"Biodiesel RIN",0.0077
2,9,2016,0.717857143,"Biodiesel RIN",0.00775
2,10,2016,0.705714286,"Biodiesel RIN",0.00775
2,11,2016,0.686190476,"Biodiesel RIN",0.0078000000000000005
2,12,2016,0.757142857,"Biodiesel RIN",0.007838000000000001
2,16,2016,0.740238095,"Biodiesel RIN",0.007825
2,17,2016,0.790714286,"Biodiesel RIN",0.00775
2,18,2016,0.79047619,"Biodiesel RIN",0.007724999999999999
2,19,2016,0.753809524,"Biodiesel RIN",0.007775
2,22,2016,0.799761905,"Biodiesel RIN",0.007850000000000001
2,23,2016,0.75952381,"Biodiesel RIN",0.007825
2,24,2016,0.75,"Biodiesel RIN",0.007975
2,25,2016,0.781666667,"Biodiesel RIN",0.008025
2,26,2016,0.851428571,"Biodiesel RIN",0.008025
2,29,2016,0.855238095,"Biodiesel RIN",0.00795
3,1,2016,0.850714286,"Biodiesel RIN",0.007850000000000001
3,2,2016,0.866190476,"Biodiesel RIN",0.007775
3,3,2016,0.851190476,"Biodiesel RIN",0.0077
3,4,2016,0.89547619,"Biodiesel RIN",0.007724999999999999
3,7,2016,0.929047619,"Biodiesel RIN",0.007688
3,8,2016,0.932380952,"Biodiesel RIN",0.00755
3,9,2016,0.958571429,"Biodiesel RIN",0.007663
3,10,2016,0.919761905,"Biodiesel RIN",0.007724999999999999
3,11,2016,0.938333333,"Biodiesel RIN",0.007688
3,14,2016,0.906190476,"Biodiesel RIN",0.0076500000000000005
3,15,2016,0.892619048,"Biodiesel RIN",0.0077
3,16,2016,0.913809524,"Biodiesel RIN",0.007763
3,17,2016,0.93547619,"Biodiesel RIN",0.007825
3,18,2016,0.934761905,"Biodiesel RIN",0.007838000000000001
3,21,2016,0.950238095,"Biodiesel RIN",0.007850000000000001
3,22,2016,0.965238095,"Biodiesel RIN",0.007850000000000001
3,23,2016,0.924761905,"Biodiesel RIN",0.007850000000000001
3,24,2016,0.912619048,"Biodiesel RIN",0.007825
3,28,2016,0.912619048,"Biodiesel RIN",0.007825
3,29,2016,0.875,"Biodiesel RIN",0.0079
3,30,2016,0.875,"Biodiesel RIN",0.007925
3,31,2016,0.875,"Biodiesel RIN",0.007937999999999999
4,1,2016,0.867142857,"Biodiesel RIN",0.008
4,4,2016,0.858333333,"Biodiesel RIN",0.008025
4,5,2016,0.854285714,"Biodiesel RIN",0.008063
4,6,2016,0.899285714,"Biodiesel RIN",0.008100000000000001
4,7,2016,0.88452381,"Biodiesel RIN",0.008238
4,8,2016,0.969285714,"Biodiesel RIN",0.008263
4,11,2016,0.99,"Biodiesel RIN",0.008225
4,12,2016,1.024285714,"Biodiesel RIN",0.008100000000000001
4,13,2016,1.019285714,"Biodiesel RIN",0.007925
4,14,2016,1.024285714,"Biodiesel RIN",0.008075
4,15,2016,0.983809524,"Biodiesel RIN",0.008025
4,18,2016,0.991428571,"Biodiesel RIN",0.008075
4,19,2016,1.024285714,"Biodiesel RIN",0.008225
4,20,2016,1.025952381,"Biodiesel RIN",0.008325
4,21,2016,1.035238095,"Biodiesel RIN",0.008363
4,22,2016,1.046904762,"Biodiesel RIN",0.008288
4,25,2016,1.023095238,"Biodiesel RIN",0.008263
4,26,2016,1.046190476,"Biodiesel RIN",0.00825
4,27,2016,1.051666667,"Biodiesel RIN",0.008100000000000001
4,28,2016,1.085714286,"Biodiesel RIN",0.007975
4,29,2016,1.086666667,"Biodiesel RIN",0.007888
5,2,2016,1.090952381,"Biodiesel RIN",0.007863
5,3,2016,1.025952381,"Biodiesel RIN",0.007925
5,4,2016,1.025714286,"Biodiesel RIN",0.007975
5,5,2016,1.056904762,"Biodiesel RIN",0.007963
5,6,2016,1.061904762,"Biodiesel RIN",0.007937999999999999
5,9,2016,1.010238095,"Biodiesel RIN",0.007975
5,10,2016,1.047857143,"Biodiesel RIN",0.007963
5,11,2016,1.097142857,"Biodiesel RIN",0.008
5,12,2016,1.10547619,"Biodiesel RIN",0.008013
5,13,2016,1.120238095,"Biodiesel RIN",0.007975
5,16,2016,1.15452381,"Biodiesel RIN",0.007975
5,17,2016,1.159761905,"Biodiesel RIN",0.007913
5,18,2016,1.165,"Biodiesel RIN",0.0084
5,19,2016,1.119285714,"Biodiesel RIN",0.00855
5,20,2016,1.155714286,"Biodiesel RIN",0.008275
5,23,2016,1.137380952,"Biodiesel RIN",0.00815
5,24,2016,1.152857143,"Biodiesel RIN",0.00805
5,25,2016,1.163571429,"Biodiesel RIN",0.008025
5,26,2016,1.179047619,"Biodiesel RIN",0.008187999999999999
5,27,2016,1.168809524,"Biodiesel RIN",0.008325
5,31,2016,1.172857143,"Biodiesel RIN",0.008388
6,1,2016,1.162142857,"Biodiesel RIN",0.00845
6,2,2016,1.167857143,"Biodiesel RIN",0.008525
6,3,2016,1.154761905,"Biodiesel RIN",0.00855
6,6,2016,1.165238095,"Biodiesel RIN",0.008563
6,7,2016,1.184761905,"Biodiesel RIN",0.008675
6,8,2016,1.207857143,"Biodiesel RIN",0.00875
6,9,2016,1.20452381,"Biodiesel RIN",0.008738000000000001
6,10,2016,1.183333333,"Biodiesel RIN",0.008688
6,13,2016,1.175238095,"Biodiesel RIN",0.008725
6,14,2016,1.14,"Biodiesel RIN",0.008738000000000001
6,15,2016,1.130238095,"Biodiesel RIN",0.008888
6,16,2016,1.087142857,"Biodiesel RIN",0.008788
6,17,2016,1.108809524,"Biodiesel RIN",0.008738000000000001
6,20,2016,1.159047619,"Biodiesel RIN",0.008713
6,21,2016,1.147142857,"Biodiesel RIN",0.008775
6,22,2016,1.153095238,"Biodiesel RIN",0.00885
6,23,2016,1.157857143,"Biodiesel RIN",0.008988000000000001
6,24,2016,1.111666667,"Biodiesel RIN",0.008963
6,27,2016,1.073095238,"Biodiesel RIN",0.009075
6,28,2016,1.102142857,"Biodiesel RIN",0.009213
6,29,2016,1.152380952,"Biodiesel RIN",0.009649999999999999
6,30,2016,1.144047619,"Biodiesel RIN",0.009649999999999999
7,1,2016,1.13452381,"Biodiesel RIN",0.009675
7,5,2016,1.086666667,"Biodiesel RIN",0.009725000000000001
7,6,2016,1.088095238,"Biodiesel RIN",0.0098
7,7,2016,1.093571429,"Biodiesel RIN",0.0098
7,8,2016,1.060238095,"Biodiesel RIN",0.009863
7,11,2016,1.048571429,"Biodiesel RIN",0.010249999999999999
7,12,2016,1.112380952,"Biodiesel RIN",0.010225
7,13,2016,1.063571429,"Biodiesel RIN",0.0103
7,14,2016,1.09547619,"Biodiesel RIN",0.010225
7,15,2016,1.101190476,"Biodiesel RIN",0.010075
7,18,2016,1.079761905,"Biodiesel RIN",0.01015
7,19,2016,1.088095238,"Biodiesel RIN",0.010163
7,20,2016,1.090952381,"Biodiesel RIN",0.01015
7,21,2016,1.071190476,"Biodiesel RIN",0.010125
7,22,2016,1.053333333,"Biodiesel RIN",0.010163
7,25,2016,1.041904762,"Biodiesel RIN",0.010263
7,26,2016,1.037142857,"Biodiesel RIN",0.010463
7,27,2016,1.018571429,"Biodiesel RIN",0.01045
7,28,2016,0.996904762,"Biodiesel RIN",0.010375
7,29,2016,0.97047619,"Biodiesel RIN",0.010324999999999999
8,1,2016,0.956428571,"Biodiesel RIN",0.010249999999999999
8,2,2016,0.952380952,"Biodiesel RIN",0.01015
8,3,2016,0.963095238,"Biodiesel RIN",0.00995
8,4,2016,0.984047619,"Biodiesel RIN",0.009625
8,5,2016,1.011190476,"Biodiesel RIN",0.0097
